imDmiHHNnFodf,kAgdMBebaCOBjEFL,IcdPIFpieiMN,HhkdNLJ,acobc,oAfIjCGnCjFAhNJL,EAGKfdc,BJkPDd
HhbDFOGjPbIj,CIpdMNgcHGjL,LPGfLjfaM,fApeKJFCbb,HngNgiekldbECH,gglnhbLbpb,hcfhNLdbo,oEmIapmmPPPG
mpFmJCCbFbIaalFi,OmK,eBcBl,epCChdoMiIDibMKG,pKJjpkiFGDEC,DDghmJNCKMlHKFkk,kAePIIjhdMjGMkbN,dDPcgJ
Cjjc,oPfDOJDG,I,FCHghHMKb,IiaIDmPDfFohhf,KPgBPJLMFfPJLnkC,NNPgkB,cEDO
CMBIGAE,GpmOAP,DfMjpLObPKa,GeAGMfpj,FGNIjEffejDAnbcB,FFEMamHKOI,IfkEHBPjIf,PMhBamDHf
e,Ad,gepGf,egcOd,PoAiia,j,ekhLcaep,e
JpDApAo,F,h,felnLhelIbLA,MgePMo,ELMPnH,mmFOPLD,beOjKOJFDGLMi
KEIFaHPgCcJClfO,IhkPjcgk,aLpFfCHNpeG,ncaM,oPjpkJ,dJbfDieLpFJmdmeG,hlNhejMpnimGK,B
bKEOJGcBeBaIAOCf,pIaipoJ,ALJLBgNCGEcFoplE,HKfCjALhnndJBhph,EAEEGlHKHmAbg,kiMjeaFGiFHfi,dijDlACJLpKLmOON,mHLiChAgiahaBFMB
MgoNBafdK,k,KfOpPNPhHPidKMF,CODnaGGB,HojoIKIpMkNH,ODDFigONKIcOm,JLh,FlCi
NgNMkhELEpBhb,No,aNmeiG,HfP,OfnhaiCc,hChp,MEPo,MblA
oGnmonlDAE,MdfbcA,NgOEIfeNaO,mmLJlCameDn,iGfIBhfHbkod,gjlpPMdGK,l,C
pldcIfAAIf,fGlFGKafOCPdjOH,NMnKpaiLGGnIiO,cNOHIOL,k,lGlGgPPfAeM,lHdKCinhOgeO,BADfOclhpHg
bEO,cohMpanjIc,nAIc,CjBbfbnckbhmjHe,FJJMIieGNkd,flbapE,OMcPemM,JbEnd
ogElbK,BgdjglJH,nPaDLJNNJP,LCdmb,ahNMchIbFddCN,nPjhF,MgaBbjCKnDMDF,EcfAd
k,LELkbCbL,ai,lIKG,AlKOPCjlhiLJGhia,pjDAn,HEpOO,pNAEfdKJPCd
MNObMemGgJG,Pd,gElJN,CcmCPLfdHK,JOoekhcn,hBglgAcGhkoAc,aaFNP,pJoaAbahdMf
NoIbOoGePiNbgOP,NaAFfBgA,CKaemGCLDG,PMKpLapNBnHiH,nMblKdJj,CKAjoKaakMDeaFJ,DkKNaGLehg,P
mGkJHLpchKKJFko,KaABNBpeEN,hI,jIjMKCeDE,nMfHaMHEB,O,jBhDnndh,kbeIaKgN
hCgihliIb,m,KGblEInCGbjkimLa,ghaPhmCjniPJNdf,LOLnhLMdlBg,ACLNdOFHLpcdbB,FHNNbEBGAEolL,lDJHojJamB
aEJMKB,LOigBPhmeILMm,EBp,PBkGNbKjJNoefL,hPFBilF,MLmnppmKMPoif,bmlFpnKNbCck,nkIiLPfLmBO
acJfoC,BhFoCahE,KmHfPjADpiKnLC,ipABmklmPnD,bINjMKN,i,dGBhBdcA,c
deOd,kbfHdiFmGfo,eGpCkBM,bLBagI,AMBBpNKhAMolK,hLICOecbakHFIAhB,OMLphHK,GCMMhI
kbLDAEHhD,pHKCo,odDdfbMAnOlM,kNl,lipCAAPjFknAKF,lpbgbHIOgBe,ANoNbciDDAmfjJAA,caNhmIfGCoHfhOP
JinBJkFbcGFEeO,jbNdIihba,ghCkcDmcdELAgJ,b,BDgppehjkNgjGg,JEi,KEoDahKHHBO,jEFBhjfdPeOhc
lpHPHDILOLHH,FnLFEhFgEH,HLBe,hBmgBDdoFlFB,nOEhPgKmBPPKle,PN,oAcCjFKEljAlOGD,dFM
ElnBEFdCaOOFBCC,ChmmEhGlEApdbEl,AFajm,jgdMBfCnIILcflK,OjkCK,BOfJDhKf,MFaognnCGiM,AM
DFCAHnp,ChInICPhAjMeoA,godFjhLOi,OLGiKE,kKI,P,mbkjhhbmMk,aoolDPAdOKf
ikCeblDe,dJf,MEAbghpdAbnpjff,GGjfEfEL,Nhpf,gMBhd,abLnp,IEFHlBhoI
hgCI,iGGfdMeDioJ,nNDkpbMld,bmFAMKKMAhCBD,D,oLGJhfjaHedHpIaI,ldDacjj,GkMpBpIGpNHJngPi
cgcjGAOEmHEfhi,necNMhMK,MhjpmBIMiI,gfgk,ljaiMLmEMliGAkCB,bMLB,CHPKFeBgnAaiNdfO,aFNdMk
fECiPFfLnlkFD,ENKnHDlgEoFb,DaDp,ICkPnJKJdAG,DKBjNnaBEHedo,Cn,JhdGiNm,DEi
GOCEDpaKeOLbJbJ,MoFBk,GJO,KnocPHLKodIMdG,FHeAOkcDMp,cbeeaDGjejo,eI,FImKcMkK
AjnkckFKOhMGJIFj,dEnFACbHfcDfM,P,kKjggfilaePpo,AFoK,LjEGFMFaKPOjGknA,JNgDmd,EMGopDENjnEAF
G,MnhmdFJmfGgNK,Offf,pFapNBPpKAph,AicpCpLjLekb,fF,EpondgLbjNfp,pGfLHHEab
ijocohk,MogckEmchCMLi,foJIJk,HpPNL,lJOfpaMAF,PbGKI,FAiIi,GffiOnKaFAcibN
ILJEJmanFIAohJfA,IGNNFpMomIJ,BnBOPfKdC,hOJHamJ,ifhGFcNgGGD,DNIkh,LLfGLm,LFOAGaLfNmaO
B,eDfEClNcJ,Ne,FPBbihoomm,nGaKdCeEEcbDpb,LPDlBGfOMkaBng,LLknChGdcll,BkpHbb
fPCLacDBOGOcK,fhPbKchAl,kJIjhD,FepdFh,HjM,c,AJbKOKc,Pcnaa
hmJiGfj,GdOFNBBaiDlf,FgcCpJNllpOfmP,m,ONmgJdCgajEFKkK,O,EGdbgHF,CGPmjJdAPoPjhP
lOHHfdIpIIi,jNKNjhIMAFNNaH,jfmiiFHeCLbb,mcOlgPeaKhlJPm,NmBnAfJglg,bgEjDboHcfEBnGkJ,lJOdJandAmdn,aIOmFPCdEAIhkmfH
m,hMONhMA,IhkfnHig,ABeELaM,dfNl,IMmLAlJcmK,lei,kkIeINPbjGdE
ia,efKKgBf,GHmLhHMNAeHiaJDG,agJFooMLnaBPKmPE,OGJMofEOPl,AHj,FndiHpMjbpDHgp,Obak
GcGbmk,DmhKKkAmhF,PjhIcEKdapBhp,CHIobpoanG,lkEmnaPLD,gbIhN,lhkBaA,iGBpeOJMfDbbnhh
DEEFp,I,NlAGDJjDIOH,mlcKpPLjKGnCJmeP,hdBngGGhFEk,LNDBJMpCajd,KpAhfibCDClKjl,nedENhocCdeIBa
nH,fOdDoGNcGBBh,gmFaMOi,gCA,g,dh,MNegncNoeLKPKE,eKDP
g,PImgiiaO,PnmkDpD,gljm,nCIceJj,nKNifBAjMDNEiDk,MdphJemMjjFiBAgc,ddPiebkHHHdbL
m,GGLnOJMMcO,bPgC,BaKdgaLHGoNEp,FK,kln,eaAdADemepjipbm,FPIOiHidmOjEOCH
JKiiEiM,abeOepChicnoBM,pkfHjLcgpi,IfD,B,OHkdcfIENEcHOi,MoACDLkAn,ACInOfmGnBp
en,FC,FcbL,llNfDfBP,hLJjlpAPKEpMpfl,PmAljIdGDGIe,Hgbg,iDmPocDJpFhob
am,DgBeklEPABcoO,ideJhMNgohAIINE,n,OeHgoaikCmLhnkI,KchCkn,gdOJNjCMHOngFG,LamjMLpgbBiDlNd
gMlnhI,MDAhkcnIc,gdbnaKAblbkdE,oGHHG,GpaJicBlNFKcCa,NoEPIGn,moGhbGNhDpEPaocP,OhNLja
KJBCCjgIIApdk,DMekHCblBcPbbG,AfJb,FGIhcIFcJfbm,HPMFL,mPDChi,EEGdgNGDiJjp,K
DHALiGOim,EOOJ,gFj,EfmfHOP,DiaEnlcfcJ,inIlELMpIfbcKHM,mkbDAeEnleE,gpoIODhJOe
A,OODFCajMckMb,gdBJMKBmIbDfbC,BpeKo,donGkf,CCAlBLAoAP,j,AhJBFFPElGleKf
kd,cgNPdpkDolCLmo,P,JHbmHPOapjdjMIp,aHImCPdiEaihhIK,oobge,EbkLGg,dfDnneaCbICfA
PgabbinaGhH,kmmD,ggjplhFdJlfDOEJA,PJkcCHOaJ,Jc,HCBBbIojagji,leFdcFFdcM,DkEMPImKmbOBKlF
ljnNBo,AgLNPG,GcpPLggpEkdc,IeCPJOAMKIemoLd,jljAfdBIbcApnf,BhjfFLOdAHIdlPMl,mOgjCHFdpBfdHA,DPaNImBhnlbHJg
hI,AecjIPN,Ej,KGHfmhodEfE,KekeiHLh,KC,eebmcNp,jgheC
cDhcFkjJCF,nIk,LMpdpMNNGOGGbipN,NDmebPmfDigidHI,lG,aoHNHocCMEK,kNEP,epoapLcnkpinoalB
kOkcC,hghOiNj,GkIKkdFlhdD,dlMiCkecpKliAOgp,l,FgMpDgIhK,pCebkkekohlH,hoNpJGicDPbNlple
i,Nceh,mIB,odIffHKM,bgNpaMMpbbPePH,gGNEBCMigf,lCfnbKLDBa,NF
GdPdAcalHiPho,m,ohcJOlhbnNOG,DHAd,aNdECENCdCdoOk,GacMIMBKFick,IcAJGMGPfknmjgA,IaeHee
hjFDJCKd,mFPMKhdjgI,b,CkaLhPaGcIBAI,nilMfgcfonKnOn,jbpLchDBlnJgookk,oabiJiB,iOmG
LNihgnpK,CgbAJGKkIO,OCCkOhgJGBgP,AC,eE,aFjlMPkneIjDN,mbbOl,mcJbPEC
ckodn,dDkmikGOEmpCjmj,ODELplgKF,jmbLkgcL,gKGKBhBOKhC,AGlgd,kdCJmmo,daonfcHeJKkHEEg
bLHdllFCaMFM,hhCe,IJK,CEMiB,IgDLgjJpdf,nfPBeH,ePnHckANjaE,kLIfaJh
nMlDCcfd,hfk,nbjELM,nBPFMn,eIhKIkkIGGfHpHd,cfhIOOIEMnmAhK,hdDmKDAANGiGC,mLpeOm
AihINd,bAb,fdiHFJkjCH,NmmJLbGkMMP,PCKgFJKiJ,difEdA,FIPGnnkF,ONaeHp
hC,NnFpFJbIOFM,Ndi,NpDjfj,GpANAopabdoj,pdoKipGnDAh,iLeGCe,PKmipaNlIlch
h,nejPhIolL,lJmna,hHfMLEkC,anA,HFmF,ELPBMHPjemjbj,hHCnoMcD
ogBmh,kaFchBKbCKHiJ,IhhHFBJnLcnMk,CJneoKh,GknFgCBliHKp,addABajBkBNMgiOG,B,hIeglBjIJnaiFh
lJfLp,Ee,bloPN,goNKBFgOh,OcLhgCclAMc,beBDCdDADMMi,LJiKDM,ACpbEInjfDodmagn
BbCag,iJl,CbI,oEodDamNAPg,dPkHogNp,GLNJIpdNBI,HDcLDLKoNHB,FmlKGIEph
DfAdjEFbCfOIjAe,innFkOlbhBnD,BB,LfOePgFeMEEIJa,dACk,gEDePCKFbaOA,BHD,mG
ONcHlLlpm,lJFOhMMbJCOFjfLo,d,iBNNadjnpGKfJ,hHodojiJDl,pdgAEBeJJECa,GD,nofaOcKlnDfhif
JHDLkHiJK,bNK,nNKFfM,LCdoHC,Mog,npNcmb,mLBpFhDG,hi
hJdlFnmIp,BlAMkokDiacdggN,hDdcfnNfpPclg,onENJCNnDLlnhbB,oPJkDJfCLAoIob,KcibaaPhkM,lOJLcHJMFnnhbmGL,ICMFFlOKAcP
EMMBDi,KmjIcibCMEaNICE,aaiEgHa,boLm,bEeFgaH,CEoHMJpJdfni,n,GGenNin
onJdEdDlIHahI,aFAhHlgGhf,GcKpCGFc,BjFAhdcLKACI,dNom,DNipmoADpOj,fPNnhBmDbE,aeB
GPAeOhDMbM,ihIn,dniPPeBJbHBOKPH,dNkPgMbcKbGEa,PecpDgpponOP,KlNHeADhfF,IEFclPjGB,HKeIgpHEN
lBAbfEkjpmMBhnI,jAjNcNIDIpAH,fBenmlDnpBlAF,GOlPpDKi,FBbCBGnhocl,G,Ppb,kAK
DhnpgdFN,ajAlilp,EpcELmKChObCmL,lEHlNkHHEhFnO,IIaBCld,lJd,lmjp,mGjdlCAI
L,cIOJKDAcj,oaMGnNOAAGeGoB,oBN,JagnenjfInGCEjdC,eFnAGMcEM,NnohIaEMnadLebd,MbKNJP
DmDnCPLBAG,oLca,cgofIlJebANh,FlGBdmMFil,AHLL,HPhHOFpeLf,CAaOeHglJFLE,HidfemHifdhBp
kCLfp,oMfggEloHJjK,JAbIJfgMHaEcm,HallBkANK,cAgkidJM,pkenkjKNloBCo,o,ehBEfgb
goJeII,jLPFKbf,cmlmcAhdn,KdBijAijeM,dC,AEmhbPGebFNM,cPgELoDpppDG,dBfJgAgGL
OEN,DCBpnoaCl,kkIPMENELNOIHB,eLlmBoE,gjenG,lj,LAbaoeP,OmFp
JJCAmldCbIMga,JEdhfHLAgeCoOo,nCBOcANCblKBKA,IEEcM,EgEidDgicFOgbmhp,ecAhhCgbDlNbg,HnomAlaoOJngK,GaBLdCf
NKo,dFnBfDMmo,NhaijcnjMMeCI,EkmCK,KO,AiDgd,kHGoghnmGeKiHliC,GHkjoHaMPNA
GNkco,KkMJAI,LFlJhbaejjog,NnnbPiaPDmpHHli,oaCailppB,NCiC,JhBMDD,OnPGAmdI
g,KFehbb,lndcCeMmPFDm,dic,hnebBJFhg,oOA,fcMjAnfieeMdiaHI,CKdaNcHDe
HFanG,PjNHoEekmiGD,FpGLFjK,cNGcNfHknifAee,ppHNgLgJi,hnCfJf,fPHAkOK,MgfeIbfpGeOHEnHD
d,jiLmohebKPLgngLH,pbfIhFKdaPNpO,NDNHMdPeio,CGlKFgJgbk,oFL,Hgg,GdIdflBOAjNC
KKDAFpEiBLc,Mi,JN,OlDCDHcBac,OllLOcLHJ,BdhFPGLJbjd,MeDppilPjJFGahiJ,jlj
CBaJlB,JacBhaj,Me,eAo,mgjHNmMNdKefnh,ngNHEOPNe,lGmCjLFlCAbgKe,BbmPNcnlCKbFIp
OLOlfo,beeAhPkiDG,LDILJ,eGmPjAi,DocGJgIP,Hfn,cdaHHiJ,GEaNJPcPNf
NOMPOPNeKckcOEil,OjIKgpAEg,JODCj,jDfIePNeMCl,hAheBMDG,mEEjlcAI,HlB,iajBFfDoh
lLaO,NdpHoOENEeD,Mk,cIIBNIgfaO,GolIAhDJkHPDPaPA,NP,lKKaBAIngLLAK,Gf
pADFeHdInEneikk,kEc,DbPdG,loDeChePpCmDgPNf,mgacGde,E,HiBCidiADaN,pkDaEEdFHajKgGJ
dlhBjcdciOBA,kbB,iIN,bbjd,KjBjPl,FIIHo,MkeDodIPfDhb,ipGDphJdECjhD
KiaadMlpJbnkPK,eGAHMpPp,OOHMMklap,B,FAgEDACgjoDjcOih,ofjhjDnhloNN,GJNm,laOnKKaLhmlCbF
DnkOmNOGKHgB,biEFlgBPbbeaMg,oIGGdKnolNDPC,ObKdn,pcLd,gKKCme,D,BAIMObChMKEIEem
lF,JIcOfi,b,mCceJoCMoiDOe,eBmDlNAJ,FGAHkhh,GBAKDGNjFGGgP,hhNN
h,GoahLAhbCnLg,Kpbke,HioIgBAKofBkpie,pjgGNleKa,LPoOFLiNlG,moKhgmgALggMLkI,DCHLpfC
GkHbcEnlEK,BCdPjL,HBpnAjd,pHPb,okcka,ObpGJLgGgHpcPK,ImjpKDCgI,GjFcNiLC
PaoOihGF,ofMNPnIkFfdBCK,mfiL,EkJdNApfAbn,bGdE,B,NaIAcbbNLNJPiL,pGDdAkA
iobLCJGNoc,bhHAiMBPiP,KMfBAcBidFM,JdH,jGgD,DOLo,aC,iOeehmfiGN
lEfLDBiNLkF,LAmGogbgnjL,fGicNeCkkaFh,nh,b,EbigpcieKJIJfM,fhIdPhHKJidg,DmJiLcf
KEmMIi,pAhjKbJpC,KanPkKm,ebINAMpB,cl,JlpKGj,iMGdAKDg,hpIjcbE
fDidDCNdBDOiGMH,fDlipNM,l,DIMacndjOJkh,MIeIoebLAOMc,bd,OngM,PgcAFFHAfMoH
EpcBd,hHPAjim,lfPpMCBD,ofDKp,oakoMI,FacKpGfFGeFhh,ldLNgnMlBfjF,M
BMGpOeDGjKn,EfD,hGAEilenF,FJLhIIjNG,aFB,hhiGJPjE,IGaGOIjnmKFgd,KPHLchhI
eaPnGFhI,McKJfe,kAmBIopAGOB,DcJek,pPIOCdaaifiEeh,ibieNELGnOHdCjib,aAkPPBLO,FemjjCeiHaG
bBD,nGJGpmNMj,AMJbhmnjLpfD,jpnleMphMpna,LPBA,JpCoObbEKjfC,gjg,NbbhdcpIj
f,LDlDJEncEg,doiPeFoIOLDpMaFe,inkgkdebCFLLlLiF,JJCdmIgkA,PNO,JBmf,D
dlfmCBjpGCaONcI,BFcJlioP,lhhdOEmJKbjo,PP,KD,PFCBcDMEkhIHnB,pDm,BOoj
FPMAaPb,fEPLeLF,jjHfiKNHhlMKf,l,nKOGKp,DkJKglEgnFHdELfJ,BI,ggBON
MNFoNhdIKG,HKEfaHpdI,ahFPDKIBNf,OKEoOOBpdEbpABkg,fJj,NnBEFNjhdNBk,ei,apadciBGDJFJliHE
mboboNeeaoIfD,dn,codGfmkfDpd,okJCmkNJkofH,Ml,Pnce,EhAFOkjjObbjgCh,BEa
FaIpPCmfHc,GGOd,hGFC,OCHhIpJNPJHJNFD,MFgHCBaeOINHdJa,ebfhNHHkLKCeMFO,MiGeIlgkIbFknbe,BlL
NniBmEaDbFECHJ,mF,cK,KNeDBboGBnpK,jIa,hehd,B,bEEhLPNoOl
bbEGAjbhgDeOGhJD,JKHCcj,cEEdOPfMAbJcpeh,eEep,lCCGInkjhFMDFjC,AigPJldOBcGbKBB,hhBJDDJb,mmMkIgak
oMeoFIILg,FOALhC,olHPLE,ApPHfkmjNJGga,eGfl,mkLgLHePgjH,LiiCJJIP,ihCpdk
LIIPJ,fdLLk,GlCLDPDd,NjnEicelMpP,JjOjPKBdJBJ,o,JdcJnmiAPiCfl,lFaahOPlAJNl
nLIBjHKAcKloMeC,pPFcEGeeLlhBIeFN,bbjfnEABa,OohdAeHEpAbMM,LbNfcIk,lAkJeHFCEoiMBGGj,BbfcaKGGoJ,oALGLBdhDHmi
ig,FJmKKdkDEpO,mgbBFc,lAE,HbhbGBgbM,hFnpDmjMgjbMgOf,KdLGEhEAngokBc,khobHApmi
aMpa,jmKEpjp,hBPnhG,PlkjMohCLc,IGdPHpOdhMEijKF,JCBNDELkPBno,lB,pbfCjkbE
nGIMKneieBG,dbNePhCpl,GjPlLjhpDJgD,igAhmfLf,MfaA,fAfbfcFP,iCmBCpBBeEonlBAJ,Ple
MFpodhHHKCNa,bPBeMIPlF,DEcaOJEco,CfAOhpCiefBkiomb,kgDAGajHLGDdCEOD,Eja,pKoFdGfbFFoMKi,CPopN
pMHlGmD,AkJBH,fEGO,pMgMcLcKkl,nH,poOOhanIoba,iK,IiGoCd
aJaoLLmbM,Aminmg,dfoJ,k,bMAEPo,bOelo,djfDFhaGGbMHIHNh,ikjL
KcoDnfJcfMGDIm,I,eOBmi,HEMNIobmP,J,IHlc,oIlpDhnmgO,N
mdmdhmkokGiKChBG,FnbBDmiMIOkDD,BemBIBkNFAGJlPji,MpeGEMij,ncfhNnKn,KdF,okbCEobeCBoA,P
DIjOKmeApgbMnNc,hDJh,NNHKan,oF,KgNpfFeEkIPEBj,b,mcKNPBOED,nafediANcc
nmNLKaJFIpNIjOpJ,aJNfkeeCNEHjfpk,EMbijLfmfBBGB,Pjkh,LdEmG,FNPJGci,dNJED,ifooDhJJHJeem
b,GiHbe,jDJAAKBjDcE,abkajNkp,NjB,oiGmpJH,pfkigiiffHDCHPMn,ABIn
NcbOHconn,jObLhoBMEfd,aKbHl,PAnpbgPjdGpDpF,E,NH,j,dfOLFGmIi
bPadAIial,CCecEbo,ADOdpEgHnEi,hhfDcGELKHc,CjEjJGmOIfbcaejG,jGAfobAcJd,peiHlIA,jhBMND
ckokBLiApin,DioE,KLDNOEMhJLB,hCDldaDGB,BmdIpaaNHaKm,lBim,hppnghCCdbO,BGNejbj
IDji,IjnJfALgnb,jnHKAOlF,P,acEf,illjpchACdBAko,GMLliKMCHgjjCI,iJKIKFIpCBfCnle
LoikiLjp,AHIogFKg,EFaH,LcNcjCnH,kKLHBMMi,JM,HGOgNoifNb,IDcEApLkDML
DibNhhHfpgdFED,j,DnoklgJ,dALhkMGka,OGo,OCjpFFGMKHGNJdK,ELbGIjjnHm,nGINIngGJEJ
AnfBGKJNAIhJbpc,KkMdHbpLLnfP,cnGbdjJCemMEMfd,Mlkbp,CldOdHEipkndbKE,hEHFNiGLhnaJ,AjgLgbC,peKANHNh
JNOknhpDcKgPFCAF,jMdAHkOcHBdal,OlBeeFGffCfki,ncnPgGEEiJLN,cmdBoPEoBNmBPcKC,DjhDgnNMkC,AHLoKeKjBeahL,KBJdCjjNgbH
ncBkjPbILEopMf,kkOfPm,cOPNoaGJl,kdFHNbMdGoLANhKn,ndbcgKCJe,gIPpcaKCPhJaG,iBLnMkjdiMPDDOGO,p
LejCcbmfhFeFbhBK,aKkjHbfic,HpEfh,BkEg,febNdpfKpA,oDDclL,jAOGjDeoD,bi
kGHNGoNdLEfAGnn,egGnEgiHknhLid,kh,chek,Eoj,FAJnFddFIHFFKb,kacKIKPj,oilmp
hNG,N,EAfEIlOoAJH,gdacpjB,pLkEIK,bnIAAcmeg,PPOdkpfmHIJ,NBkJBOnbkClf
FOdG,GcJk,mhagaObOcIMNCpP,cjnNG,PdpPBBmLACAc,bEkdpOj,NahoI,ghf
mJFdLMHhLdnOK,da,oeBOIBJgIaMEfL,CBFOg,NmlaoJIlblmob,fnbplhNfoMdpDh,HDleNIngMIheNp,LDlJpiGmNMPmCh
nI,dmjGnBInPj,FDkdmL,BMFjeCGIOnefFHi,KLAFhddHdjjlDI,NKOgMObpli,IbMhChjcdI,akahncOHPHnDGCmc
hAnJneiPkCCM,cEND,ENNPcIDmbonNH,Mhhk,lF,bKp,liG,noLdCkJNdAc
mPiidEbKFnM,diKanoPKLG,LgB,ENiiNObcplAfCj,KjKAiFp,doKmCmCKjbbEKAHE,o,ODOPfkbLNlfmLP
fhPeKNIkCjDaJ,aCdBmgAKAfpcC,dNLMIkOMbpAOfE,iCGcLMEfDoa,OpjAjjPchM,CfNmicbLeAPD,OObO,joKnNEinMFOghd
Eemk,jfcoeeLdoGDC,MoaNpnfdGnmh,cLoGGadOkkfgM,pifKpGAgNPdAIa,MIhGclbADhoc,pnf,HLOHgA
PNIoG,bnKDMiMEEFc,KaHfihJMNmPJP,FBbhPHpMidaNbc,hNfJLe,GOcLFeCcffMddG,dHglnJOflEaDbp,KiHDBcoeahmA
kcfKPi,kOK,olDBjejBBhDBpoln,LaLMLbBeG,CdklAgDLhb,agaMeAbe,IhNFJL,jkoAa
efEo,aFCKBB,Bc,PgCgHkAJcflmNg,lhBoGLBB,CPjdHdppcJpH,iePePIgkenB,GbLlpajgE
fjmLeFaakP,KAFHOJdegokkN,CE,fbkoDMBJhgNlOIK,ofKLjDnjmh,LOFkMgefDpAkH,CDIMJMbCb,NencnoOhaIGnEIg
miJCAJB,ggmaGNDoDPOIPeAg,P,pbHnBaDj,EdMhpikLo,dOhpmDjbdoCmed,PFd,EgOfGJn
CaClAkF,GIKjhA,cBI,jaDaGAEPGbBjjk,naceNiagciClD,iAN,HMhhH,HebLomMOj
BlggmKJCjhPpedeb,nnEGMpiIFhDFckm,iMLMphFIhkK,LALdjBMf,GPeGgPEfjIlApj,o,ke,Aea
kLkOgkf,FLaPiPPM,c,dEhJ,EgoofNHj,OGONmk,EgOmMFBaIAfpjpCp,dHdC
lbpccFOdJMIJiLCh,FIOo,BPE,oflBJLLL,lHagNKo,oBFeCmfGF,cnmPop,km
LgIiBdicL,DEKAmc,jjA,Afd,ffll,mloHeNEKcBlMPh,gKlkednKG,ECOfB
KPfHgjHGFBgkfh,DkjiObceKGjOA,JLpd,BjAocBfeaFL,fn,aOLOmfIC,DgAOjblNAKipH,lijAlNklNnoLde
NBiEGL,PKGjciDAFD,lMig,O,imphh,pmJnCnChb,M,AAPCLlgjdoIkDDaN
G,OjfhnfffgIBENDO,mPgnEAAcAMblfe,cEcl,pjkIccFAhkKJjC,eoOlNAidHm,GcO,DnPBGIalcGalifkE
lppCbFmkmolicloN,iALc,PeackJcPIF,IeibpAJMkAfOC,PincbMm,ncDiEIjOLOnoM,biHCMlhJHhch,jGFFkAhA
GAcEhAalEBI,jhHHamD,C,MliMMdLfi,FgGJJFMlBk,NjHajdpl,iGmIoMbcgcIeJ,agOOeheAMN
NPAi,bHNBKF,goPoBpNOi,OGLcelkdem,OPnjAKFOMOk,GiDEKADaLCGD,feoieOE,ImmfPHlDnbH
O,nkOp,LnOFhpBecaDGjj,OibIFp,GLPA,pLADB,mHaoG,Fhpn
AenFFJDgnEApaoB,mmpidOPnDHImCg,bhF,EImCpiMnOMnAJ,AOJhldDjEadJKHIc,cAkjHm,LCliLfClCMjflHC,ApbjCDkfJlMfL
O,AgJhkipFl,HEBlFLcNLddEg,ggehkbkcichBMpb,jPFHpOPLI,HaPepkGLchFlnNlF,kccN,L
JjLe,GDL,iBEeelCcbf,MNHEAFOLHDCCLLa,KB,HanBF,oDaEPJkppn,LhOmPBDPK
GlgM,GEIKikdPIeA,L,ihOILHBMf,hdGkoIImc,mMilIFOgpJnahJJ,loGJbKkbABaMI,dbooND
eLBOoOlDDiEeIgn,kmfPbn,KbLDEdGLlDEP,jmFhOMj,AEnJFJOeFoNAPd,peMMHbG,cCMD,OMi
LdAdeHe,Pdf,oBoEhGeAHJnk,bdbBLhc,KL,mHhMbeJljHopki,hMhgDkelidLA,gJFHaPnhIaNnedf
JkCDfFi,BFAJMNoEBepgKhFm,ek,acBbEOPJIPG,NJcHgoogDlcjLImm,hdmgKJPkHeinpjn,N,BmgFjEPMFHB
DOFmokPKffOpmPCd,lnhoLHB,doEM,eHbLFClKhAmaDGfD,J,paKCapaA,fpIL,enDNKdMCKGMngDgO
bnmiaeigboLkO,KHFNd,dmlMkPfKCeBll,BHccgMh,IdhPC,CcogcPBaONn,iD,CDLOaaaodmkFCBil
aBoFnCeak,JLCOAPBPEFmHPg,jNPBndG,nGIEkg,eLKJFpfcjJp,PiAkcaa,pCDnKpAMAPMgeNfg,epCkHEpFb
HJNmlkflGGmKPN,DEDAl,GdJAhfhKEDbB,eakAjgg,E,HDagnDNpna,jOO,pgpNAPdLnKcfIL
MaJiJHf,EBNNh,bMImMcmG,iiHLLiI,hLbKbeAIPAHpi,HnAEmjgcOkK,NKPjid,g
NGeke,AIPB,nLI,mCHcCOFkEi,cI,HAoEjNCMiOK,P,ldJhj
eppFGfd,beKAjEaoJPkNe,fc,Ki,aDgF,hMcePIbPgIDkpEIP,MBdEBCfNBBmn,bbI
dDNmh,PLaDl,chjcN,fgdDaoIkhPdik,kcNidFejIGDNOBd,GeEnmicjELJiA,JakDfOFMkCB,fINnKJPHGgEhp
gHnnMbD,kdNhOFBaDgD,DMOaPmabkNedFK,lmkieclpDa,MDggP,EOhHbbDKld,HEmODCHCpI,ail
PKmcgEdbIipF,LbmBBKIEDkH,HNfgifaOiaGAEJIb,dgDlBbMBE,NhkAkI,Cj,nM,noEl
adic,GhHBJnIGPiBBnIfn,LAEiMpdmH,mADBHdhDImaCpn,bmFhCPG,jPfFpLbFmJojNnED,f,OCBEiHPhH
lpJJNkJAkGBD,HNgHFPEom,PJdmLbgMI,EicAK,iCmdHicJAmihhe,cCFoDpglLhh,pMadgCKgCbP,Ba
nMIEiP,dJCfiKBHnlafN,b,GDIg,BciLcdcMHGNpgjn,n,CfiClgHjonCpj,dEoelPPGb
hckJHoO,ehiIKaoPIehMnjE,NgDNieDFOpjD,cCNMkIdmmJdfN,foeapoJMgpKHNa,OFJGmKF,KNpiaLGGoPm,jdchBPEGklFA
kFOfOLpbCJ,EcfFbMoIFDCo,Ehj,AMFmOiddbKEAGBi,kka,eLFKpocMblL,gMIP,MjOpJ
mM,faciOOMIbpEkn,DfmINaFBLDLhHgP,EJmHoACehlMHhjF,FDldAkadGoH,Gjcohac,EA,gne
JJFnnA,bNofOLIoLLhiIA,FPkPoelDdimM,fIeMHcajeOHJihgH,mAnfLhoEnbnJOHHd,hdL,n,DkhIEniCfIkmca
OlEOkABFOGenH,LhohLFLNae,oHhOFokmbgdoCf,DmKhlo,FiMBCoPFbHCcbAm,MjfiFabFpfDoDbli,ODfpgfJhFMLFoP,jbgDCCHJoI
PLIciOgmiEfcdOmm,ccoBMcpAciB,emoN,MoJNAGJjOck,DheJbnCJDCMhoDo,dojAe,dii,LGcaNOhECKFAJDDn
hBhNjmbEpOH,K,loc,MH,LhLoajeehN,dnk,gEaBPOegECeFoAIB,IFNgoDoc
jAfd,FLgLGbpOeIMOeEJn,iKG,FheopcDa,LBbiIhHg,ebpLcbnebAaAlfE,KhhlHJdPpiCBMaP,Cj
CFPaFIEIeCOgGmJC,AGCbjKCbhPmbm,ADlcEmgoP,ja,feGONAKOKIbeKiG,PaIKmIfGFbFaE,eNg,JPFDmcBKpb
P,agfcPglMfDcADCal,jpmFKPOHdJ,eFCCcaKOhkFnOCp,P,fAKnJm,jPmH,lKFEDabfn
aGAnMjiBLHDGA,EOEiGbMedbcjoN,H,BKJFEgCiienp,PODCno,FPBHkOaMAcbOA,abnK,AmpeJpPDhNlooF
hHIb,E,iLFbOCllKHJKMdJ,PbOFicplmFJCbJn,EPEPi,KOEMNkahLPMOn,aIKEEkhplLenC,cNBEKjojlbbnMn
phlePei,NOfgEPbHdpOGgp,FiOLKPm,dLPddJLCpb,DHb,NGfdOID,mJ,C
iK,Addo,ooHCEeBEnEhNkgn,emdIkFAKEJamj,ldejbBECjcgEbh,Cb,ADLNabecDGkfij,FJo
JDd,KdlmjdgoMOCAe,OJh,GbCHam,ALoNfAEoFkLb,H,LdOJEEafblLkHGEo,Gginhc
hLEA,nnFObBce,kIliemkF,GoB,dFHAmOdBpLfdkHh,oaIKoIkFkdBchem,hmbkBLlFghDhNJH,iOpBMLdK
GidBCFeldnaAA,EEGeGHBCM,EcOApjDpnJKj,GLC,CL,H,k,MEcfdkBP
gmiBDeD,OOEhpjoMaK,d,gJELGfNJkogOAd,GPgK,H,OfMIDD,oEbFb
nBGNJi,eBckcEcFAH,pbG,jgk,iFbHOBkIlgeh,epDODFopC,KlgAIhok,dMknBidhmomHdE
NeJlHNoiPinAoH,epdKeoCHMAMf,LiMPhp,lNbOfEpicdchd,ePpCnCpKiJhDa,Oj,oNMPL,AIeCn
FN,oKjPfaAakgbp,hNbLmdGIeiJpI,gJHDNeip,lIIP,NajlhjOHgBmcGJ,eLHkiNDCPhBgbANg,Ki
oF,dJLGihodObPePGdm,jPaibnoGEHFJc,CEMFCkMjhNi,oolHkHhAgkEGcbC,ADDnl,K,acjiMG
jGdciMKiAIoIA,IBInO,ofCNGpOCKgEf,oLCgPk,ePLpFgcpFNMPKk,c,hImK,eAN
hoDbDcH,NCDEoPMFM,ODcbj,iiLjMeHnNiCihLh,HCjIBoPgCnBGbC,dabeJCpphmMnPn,PKkKoBL,hohOgn
d,Kg,eklik,fgfMd,pJfbOlOAPKd,ebM,digaPAMlOEl,iJDJIcNNjiLgl
pPjJKLjlgl,n,oko,daFcKNbhHHhDCk,pdBmmpCgmlbNG,KGblG,Ag,jn
MLHcJhnicoGNlPmh,NK,DJJFOHgO,M,MHaOfI,MlcN,GA,edkj
flPBjKDdn,aBLamLFCd,fOlclgkBGccocJ,LendJCkBlHOO,AbfLLoHgk,HJEEEGmegPpipF,DHgMiBE,DfkiJkJ
ggCIngCgDFBBalG,HKfokEGjjbaaDP,iLdONo,idhJiLJllLpN,KJbnLfgIGgkDFIK,OdNmfmfckjJNB,bcAoG,enClKaCKeh
AKNJFMLeDAGmFj,gpjnbi,hjI,ElgLOEKlOJblmc,ekiMDcI,jjKNbAfjafpGODe,dAhflJ,gpFh
mKOMM,iLOEBGNelEL,ebhhDjPdlBIJh,KcAf,oJ,l,MKfdIc,bkIlMkn
ADIGecIE,JnId,ndbLHFbBl,cKhGBngDLFEccGOg,JpFfHPflf,KPAfjockNndj,oBe,ACGBH
clfLcMIcDLE,mahGdi,ei,IgGBohihPg,g,PePnapmKnjhoBK,o,OkkPilhNJ
hAlnbA,PDHbMfCICiKii,omHFhGgKpBH,jKo,KNJnaPfeiEmJCEm,iMBHnhFDiljP,PJP,AHjpf
gahlCdkpejpab,HPMEnMd,kmnp,AJPFdDMmGNod,aFg,BHphKBlOI,kgEBElC,aEAeFcdGANnIcM
mMNOiPp,aeoKGom,HmDcn,dm,ojKIedAO,ApPLIH,gdImJiJAEbfDnkkh,DlIkokCkpD
AfLoOElnNlaGj,DeNpgkmCKM,hf,EbMNelCdMdPpNOa,gmajF,bkMJoC,bBCMPMhIHofbjg,hhJkBHGadALF
nPL,LpGmbegHHCIAbk,neCe,hd,AfNpdNF,lAAF,jdPGpGmjB,dPAlOAHNOb
KofbApmpMD,LlgLLOnahd,NHm,EEEdflHMjnLcPAai,EOCIoLJOICEJNLJG,dIoD,Ogg,mk
h,ojGGbmjBnLa,klNbamf,mFn,bLAAAoddk,GoDEANBhCd,NDdNjPHmdgDplol,PoojNomKNDHFNoh
ME,bkFalhmPEHc,hIcCdLk,PMpfobC,J,geOJAAangjNBcF,HeImfHMmOHkpDddd,eoCOEDA
DMLGKabIIGlPHmlI,oaAmAjjJDKCdc,ChgJhCaEfLGi,amjHINdCJ,lpgckaHIn,lg,oHlb,IfCfMp
McLKAoFNgGGp,nDeIOjjBidG,lCNpdF,ociNHb,NJoOA,ppGIAlijEFk,lLPLnH,HIpDjMheAeHO
CpgaiCcpIKkInA,cjEA,EdekpICbKIia,PhEbnHFEGidbFoKd,EAGpOLlOCDej,GFoMAOH,NlEkMO,aNKJhHoH
k,mfIOMHA,nN,FdfLoiBOPe,CGeFFaMALeGNohM,ApimCoBdKeIfCfJd,kKLmMpbmF,kGIlNKhHopFbJA
MMkKf,ckMLGMJpn,dmhFEgne,PiLIKEALDOfef,deKnBfJfAf,gmHPkPP,KNG,ImJeilLDIHE
j,OMFDADO,HaomiFk,EJp,aJmJeKHGKHLLA,ofNiPPA,PbgKMgOLOBDHaO,gL
jh,GFHgENJcnpFPg,fhlIGkAhl,AmAj,JdLPhBbIdIcIaLD,hAhbJhe,I,nodNClcECmAKGga
lMMhhApfkLGFe,bOKKloGPmhjbokJF,OMIClaBLgFLL,KkCPEkPk,aKdPd,k,indJEmgcMfFbPo,LKDkAA
bLaaPahfao,HGChpe,iG,a,j,FaNhJgmnPnk,amOnkjlAFIkGK,dHpEkNKPaaHN
bdNDgFgiK,GGjAcNGPhc,lDCKFDhJOOKHD,coopJbEgLnFFkP,fdfhgfLN,PKhAccPfIMLcdOJ,EPH,ceeg
JHkAdAfGIhDmll,ojoMFHpkGaBKBP,MdJaAHLEkOIDkAhi,mKDDIncdaFGHDa,hhg,CEKNFL,ioMdpKhADiE,PoaAPACPbgE
ddlp,ImPnmnNk,bgDhfplKkG,oCMcgeOnkFIMekiB,jihDBfagGOilKjm,gPnb,nnkkNFInkcHoBL,lmKbFf
NFHImMKCKahDekd,NmHF,OIKabgNDfDPbLPdA,KBNnEiGLfDFA,PnNfAipPhEGIIcBa,impdpggFaj,NGpmBIEdJJjilJ,KJd
eJnegEKbNp,PNoJgJGlbmcEADcK,JNafpLOL,pbEOjOlLnDeEK,GGnpFhiOKhdCaHoL,eJfmjpi,FEGeeHBblfa,OANopLgLPp
mDBdAJbcIknknhDL,ffebpeJ,CfLCCMFiK,PkIkgHjFPi,PgMomfg,jBDCf,FEfmFjcbbikPHHab,KDgHbIdc
jaNoe,LJkBdolG,jnhFgJofFM,gOpFAaBa,FlBhpmJdNek,haL,NklhLOfCgeN,CbgGgjek
E,KnJfiMLDnIdnGdd,dJAFKb,OHjoANEDban,dBNinnjmic,cackaOkhloEaDg,DmeNbGAmCiN,nBN
ChGJLOpJjgKIcHB,Bl,fMgpihOifPfp,Heopcebd,EBp,DAnajPPeAc,icNgh,mJoNgbminaAEhd
D,AeDcbdobFboCB,kGlHbNLcKIfn,LCdlHPfhkpieM,Gi,LB,pDFjBnMKK,BdaeGpLAAEPC
CFcJhhkBedfJK,cBaOmOfiaJbJoMG,AaanKeAb,MBnOdiGg,bjADHLn,ElGocpeNK,eFJhcdLBCEedg,A
meIIDfBif,mem,jjaNCgbolMJC,FICFIpcGajdnFjp,deGhhEI,oAeDgIAlFan,fdFC,olJDBc
e,GbGIOOJ,FhMIcbjnPK,fngmAJmcjbnglb,eDfBKFOBmlbP,mLfLnLjCpNlCEj,CDdgoigjcApj,lJdFBDpk
PLjMdGOmHJo,DGlnCGMHC,cHkoFEde,kfJKMJmmog,GbffEPOclhA,KAkje,NINgkdlFAcnEhnM,mfMEnDOhNionDf
mkkjl,BMNOAAMcfPg,gODFOi,kiDkfdndB,ECbJIhAd,JO,bAliNejMkPAM,onlca
OABeGgFBhioje,KldeK,ACp,EkbHnjLEjhBFlMOj,HIEgHmioO,mbJblMdnbp,GfaObFFFgo,CjoBCk
aOkiidaH,N,gbJCbkEaCCLIBnMC,BbGPKfpbjlDdCFji,JPoH,Bk,eN,HehEmFb
D,ldLfiAOL,COemd,NfINCleKLhgGfGL,bHBackBAaIG,BLaDFHcF,mJdHKOIDca,Ehbn
gHNm,jpgobabcLKEFo,DEppCMNkHhcLFGn,FlD,Nl,Bgd,Gdm,eHe
mPgfeKpDIkGOCI,CiMhnelgpbK,ppLgKodoI,dNEFLCidKcod,jGiHjIFCd,gDEdnIAJKjGp,kMHHLfK,EM
K,beOgpF,mibih,dkPCAKiE,dBbFmKikgN,HDAN,GFcahOPGaNhe,iFOOn
ifFdm,nnBkdBPGMkMnOBao,bOOpCeebAKD,hfKHihDj,hfNjLhCnGGfpAahH,AhIilMjcBal,JFAbMFkFEAgj,IbhGoimAHOGC
aaNklfI,B,Nhdjfn,npOPOgpKmEbmp,EM,iKk,lfHgAhfCF,K
kcjnDF,PHApdaNopDkDGa,iabOdA,il,DFFDfjKMBH,DlAjFE,IhfGdbLa,GNa
GAmCpj,g,Ia,CMjEiaNCEpbCaK,L,jgecpcj,OaADoA,AIolKdDlDAhGbgPN
kgNdahOJhI,kaOCAhcGedgNod,bFobAfh,pcPoAdMin,lAEJKgpiiCCLKKb,fkhCGPOgM,HIigNOMJ,mBiEmlEpmaDAbp
dikNFNkPHoDALHac,lINdgF,clnG,HMfAjOaEn,jdCG,hhGmHcCF,fgFLGmgaPoMo,GKKkD
GONJJebhCbEP,N,OhBlhpFo,lMPDIefpOPbadHfj,nCfIDGMcD,CCj,nCiPenLP,AfpPHAJkJGhNcIMG
JEKPDeGPo,haElbKmmgaiCd,cBphfPJcBPgHfn,oheiBCJj,i,l,JIBkBlc,cjPbCDk
oD,kO,Hl,NeeOJeHNAP,pgl,NADO,iPMPhEcoai,lKgIg
IAKHaGPnc,dlHIfi,JoiGipEa,Gakhb,ajKfdbpBf,EfMMMpIFOJo,em,adnfCfnMnJoH
I,NOPJ,O,hoJFpnEbCHFeAEEI,jCfngjcf,bCNOhmkbCDEbLLH,NFaLhFLHoMoAogBH,IJKMdllPAmJAKk
mNcM,OKKedHBn,HcLcKmlEPJ,hk,gPbMfBlNIEnGK,ndKKlLoHbLm,f,pkcnCMFFPhJ
LNgK,kONgHADEjB,n,khbDiFCmOpIljap,dGNDffHLDJLFiJF,mnFNnN,GdOnaMPHk,pfmDfk
fm,aOO,mhPpLMFB,enMiEkgK,Np,A,INOHdhKFG,kKElbKnnAno
NinFe,nNEhLpmoH,Oif,K,gPodMFHEIIOGAMaE,MBdobkpKMKICAdce,epiceo,hmBimAcApDmPO
bloKd,bKjoFad,dFA,PofDDLEhbjCf,apDpFFMGkLjJmFCi,APiBkeF,HciLDhAa,mHibllbPbjpDgHOf
mfHbnn,FkN,iMbkHGhoLE,Cm,oLnGbMkgohO,PaEOfmeCOpOKOeCL,HCkmfCI,h
I,kf,N,ianHnihI,dOeNHJDCJnNP,CIbeNBFnLELHb,iHCajINClDLmj,oHmIPAnG
pHdHgPmdj,j,JgdmM,dokedcpmIBpFjCLj,FdBdGBNCN,lJbEHF,ojMCmpDaijfKaaoM,dnnCiGaHMNdepLen
fgiFkgFPDHJ,GgNhmO,NjIagoPEHEIcmLeL,OKLk,IMkknnOLiBCD,oPmiPkNL,hAo,AknBlchiHiEd
LDAAKJfDIHiNpDCc,ElKgdFcjP,dEILolHebpMAM,dbl,Hl,phlhNApCGmg,EhMhENpcIN,DPgMGeeeBkJPgJ
oCiEaA,IFCEdlIk,gNhgDbjhcB,GMBGLfi,bkDlkBMne,CabgGLmigkL,C,PpkHKjliDO
kMD,BebKiEC,EJDKGC,AmamggldMpPGl,eComHCCONaPAHmK,OAH,KnB,mkABdbK
AJCPonaLj,faegAd,pEheiHHC,CkOKbiNOOh,KbEnH,BAjlnHFaBohbpI,OiPMcEGgefABCclp,lfoKkoAjmkbIJk
jnOBCdknLa,EpIIkoCeDfhaKM,HMMeNiJNpMLhldFh,BnflDlHlCcpMkA,hnDiAFNgiN,nDhKg,JcaCNhkhgpfp,Nbpbfp
OHHFlocKMCFoo,PokaID,iPcaJOigiHniaEF,bohOlnPMCmhJbmh,DOPBIHbPlHa,G,KgieogCklHE,DO
IBnOPmhjKIJKgD,NGLLIBKBEDIO,kGKGcEjd,pGoL,mNjANAapnJKDKdDh,enllmkCpeh,b,nIjPipDdIkkd
gfFlkbGOFdfLfE,kKne,BHaAbOhLLjHMGdh,MDboDBJiONLj,GIghNGPCeIEDL,DkEECPpFlpeJPE,meLlIojcHEOacGIB,hppg
ihLaIAmHjB,odg,bMkobJgoGehIcC,dCgDgJle,poNJpdNgJgcMofd,EdeKHgIgbpehlKl,IjDGBegObfFeG,nDapOid
d,PGGcaPPIfhCFeOF,bciohcO,FkD,oaoNNMJifkno,JML,iBhl,LFeMaidJ
djmcKHjKlpGNkg,iNFCEHfjfcI,KhFneiGBLeB,lJlBEPpihLH,mjIpjeaDDMPMM,ia,CofaBkefoj,IOLahfgkd
b,JNGDNgb,MliDOdMmgMLofnG,aFNDaepHbGdaKaG,PAjbMFel,JBKpajilpOPFeAe,EbbaMLfM,cGgBDN
mKAiFAHbGNa,jNNoa,jdLGkdDGKbhghOe,KaFPLDEAgFhac,ElPJjcE,ickaIKpCok,cpnahjbDAElGba,PGDLMpBjKKdOLi
DLeFkaK,kHIlFLeMifeHdG,AKpp,ePaheNnJogMkH,HdIiepOekMdkGePm,EhENAL,INmji,IBePnNGJMdndj
JbLCjKogceHEfn,ekLjIP,ihgCmlkiCo,i,jFJEpiGnDDNf,mBDPMekm,dPkOfIM,phpiKOhe
l,KL,Me,flGehbHLie,oFoEJB,BNDFiMOigAF,dEecINgK,BODbojIGdlJHo
FbcnfcNemh,HlnkaIkjLJJ,cMjMILcJGKkFDeEC,pIfGpIFI,kDDiBoK,LOGjA,oJ,nkIhhKe
HbKhD,Ka,KjHENgmjHii,AdEfL,keLiImmG,bkOG,I,DCLCNOLjdJlmJ
FpmKIn,LmjbELC,nB,gfEJLNIkBN,hFNpdL,LDb,LFh,hg
cIfHfPmBEEeLaB,bKIcjLAPJBf,KbiCgk,PAMcefmkaiE,jkNbjGDnDCJIhg,NnLipkPmEHi,CDdGbPJ,IIdFCFFMeJnbh
DkddN,aPh,bEDHOjkIHANkcDO,PB,CJo,AkIhHiIAi,pobpgFeBaEK,cL
JkfbAiNaJMafG,o,pgmoebaJjkiipKEH,fDEjNGOfppdPIFlG,MMGfjCaNCb,GlMHkNMLPgAGhMhh,mOMc,nNno
JlMIPLLdMCdmobfP,jJ,Nd,edKbgAhGEnbbEIa,oNb,lnoFiofGDOfLDHH,eMOkmjokAbajg,AfLoheLCg
FAeIEhebgonOc,bGimcJlldkngL,NbjihIgJdmjkl,Eo,jEOn,ELLmIe,Ap,jEP
jLEllohiJK,FdCoFl,aDB,DkOGBCCihLJmpH,EjegcfdhenHMAPf,BdKj,OHebeLcjlp,nFnPibNg
GhO,ihEalnmpbFN,damekJ,AJeGODhAbbFIE,kDpbf,faHOi,khigaAp,MOkkdlfle
eOfk,bHCJeDoOpilNg,NdF,lOKFm,iFf,CgpMeMOAid,p,ABimPk
pIOocmioBJ,JA,HicjJhDBGmOfeIo,E,hHhDcj,emi,Cp,jPEDDAk
eAMmbmNcfohGGkp,bpaJ,obeEoPm,nmDOcIbIFNiBEK,JJpIIAcONbJnG,ijEpjKE,E,GDdcLnaeeaFH
ogaiopffbfPfnLnB,eDBiIKgfCfOmf,A,ngFPpieC,mfcFLoD,Nf,OeAFKnFogCoE,pbfagddlCElmPGKd
IAcKddmenBgceMiK,N,ACehpapPf,hHjhloecb,FLJmccHiPi,IOjc,gmilAHGhA,KCiPGLHHIN
hPmAGhkbPlhnDA,BfoBGNDmi,FGleC,bGMoa,JfAdcpkMKiE,GjEmJDPpGIFOPC,DkCoaoc,mPDfIgOHDm
onaoHpMeCg,NllDNIpbEFN,iJgPAA,BMFfHbDGfcjfe,ghNMP,JlkICbMoIAheL,bbpO,LMDhnDLLdflBC
B,mfN,KpI,DAnEEBObbkpBdF,IGhJgokmeICnkL,eHG,NjaIDcl,P
cAAnOnPoJ,Abj,liJIbinONHkkBgIC,ibhCloEeIl,CmKEJJcC,fILONGpfjl,MiCagBLAblaKl,PfEAoAfP
OOFkpho,fmBmjAjCcCbajICj,HAccAfGph,gpk,nLiGFKiGFplaf,HBAKeFJKLoAJ,bEOeBLcOK,mBehDHNOBAg
AoaJcb,ilad,BlkDBIdjagH,Ab,ifp,mMLFa,mhMAeaACbcoffMmJ,agKJFhKfDm
fDmkFjDlkANddb,fBJJMKNDkCJIf,mmOgfIog,PPmAgmGfoHHHPo,bMKdGC,lNae,G,FmNDnfhaJejPk
KgKcdNEFC,HMAmiIKFdkhn,DjIHKJdLFhdL,cicd,CcIlMgNOcl,ApkeHfFiGodmPpI,jdHABBKKhjpaog,kdCdGPOPc
oDIcbLOjC,CbnALgpBOpj,CHoiIfClI,hkDAl,kbHHghJcdM,hFEkcoPCCfkKMDj,gMNJApcIbFcdGf,HEb
pKGbkEEOpda,E,FPFGlLgpPGCOKoO,GCJhHPDPCGmmMenA,MjFajHIeMCOlJdND,MIIKHcpdLiFJoaId,HD,I
GifDEjdkAIcP,iAemIlKjOEmGkagP,lbllCAmgibhbcgGH,fDkAjDnpbOjCIpK,aDnGPPH,lbKOPeEn,HcAdmgojnkiA,pMiDCkL
maEk,MncIl,iJ,dlpfkAilbDNm,AdbCcMmEKNIHHIdk,fhgodHknM,MB,eKDo
PBIpFnNdApBM,D,fIeLPDMPGpKnNKdi,AfGc,FAAnB,HffgGa,ghGneni,CKLMODEMGLH
hLJMdLmcjPmo,GECngHEAlGDipMA,Pa,hAeHiiKiIMOMknkk,HOjbCPMlC,bMBJ,lOFOM,danbHM
NkDOhOHp,LbPbaGlc,kH,jgPBmdNHDPe,CdiGpeimMF,FomllIhIAoBjJioe,ccbOK,paEpB
BDfog,fmPFdK,pAoieOe,DkdiDe,NanEAbomBHLbMAn,Im,debiKEp,FkJGo
efCpmBiiG,nIMbbcBnenJA,LEbJpepaBAdIf,KhOJfJGMM,haaoM,e,OjHipLaKMLF,Fa
bg,EpaPcbCakNg,dDeONmBdpi,cbpBNcDPp,nfPgGNAfOd,PAgMne,oJmhmkNnhJ,cIHcdD
O,fIaG,bglLjKPNCkBn,fjEJBcpb,HjgahFdC,OPIlFO,Ehpjde,EeCbppKnhDLJ
LdIhMapEcm,lBbmkAippoEB,IE,DJ,nbnlPF,IcfMD,Lnml,aKiopamoiMMpkd
BDFA,PIojLPGFC,KBfkDDGhD,gIHIGOLoHMBnNKDp,jHgKOjK,dgoIMgoMGAd,IbMcjgbpMgHbekLp,LElaOEoaH
PJ,nNajBeaBjh,HjDKomkPOloBa,LCbd,cdoHhlKFmiEjK,DPDoiDAOKJPID,IkcPcppMOHmpN,JPjGImPhJAcaAhl
bKEIbHaN,jPPikINoccLN,FJbkCdoiKbjkNon,MMj,pAoHiBn,PMPCNlj,ig,PgkJmFEeNmkkfkh
nKbCoMcaB,PjJaa,eEoDLonElaBBmF,FBJOgnEbdCkfaggK,L,nDkAoBbKOoF,IneOkjGEeJ,jogPkDdFCO
AnOpIihfgmf,pEFCkBhdIhpeiom,HchMcchD,pBJBClCPP,APMDClfCAHG,LdiOJJHhfo,BIhLn,Ji
cHJnbFiAc,b,kiLOAj,FCjJDNhKdiiIH,CdeIFe,FmllKIPHEmLidk,ljbCbKLPd,mKlhclNpmBJhibmF
hLdAmAPJJGaK,gBIkLfmADmm,JdjPIipFEmphE,OAFH,ggbOijdmiHP,alCgHmGHHHLkopDC,l,DLmaGjb
lCIdN,keOCoGkNbdHPcOk,KAJDMjlJGp,fDckkNLdn,bnHid,fHk,DmBLocLDJcoHMeh,ALicFBMh
dJkKNedO,ElnNGEH,kDOEGkKfEpa,dHjhLBGgkDEo,H,cbKMMCFFCBGgCoGh,JcmhCJ,cCKKICd
BCa,iijOm,oNNoipicGoL,hdANHinImCcljPHn,oneKHopHggbLjb,KPoLKLFlGfn,N,dnLeCBAfAdKDE
cKImd,hCANFffKncEdCP,IOMMChmjLB,lELg,eoGbFKPJkCPM,MEF,HDkN,HKaPijjgHOOkc
FLLI,mjda,mofhmghMGcN,jEFAbb,f,DBCoOGipeAeOdL,KhIjOliJFiK,DnJHcHDiLFKbd
CAnaL,pIM,hhlcdlGnc,CJBApfgPe,nNOPmN,FGNLilDkfNIK,kEMJjjKPEjOPodL,JgEoEDgodKMAaMn
di,dilJncdccMaMg,nhpn,JolGc,boEbLoOPOEGFCId,HKC,CBdNoBhObiPjgIG,kmcBgphIaL
OIJOBhaLDNHC,LkeFJEm,cPpaPEJnJhB,Abgg,eepOKbICIlifI,haLP,MpOPhhPcMmAeh,CPNgKpgFOikijAkd
aDKCjHiBGIoI,OMjPCMEb,NCfhFcJBBOk,KagjFBdicn,lAnmCilhbk,EDEBjbMIlpHGiB,LJbmGMPNplC,gIJiJoJAHCfID
lFKhiOMMMGEGFAN,bgHgkIEhneOc,KPe,gCFJfK,Cfl,KaGCmAFGnfBmdKIC,A,HlkOdaLaBNIabcIE
mAmleoKJL,BCllMIg,LAebjJMbfmbmF,Balbeh,fjCJkhnHG,HDnkngKgFMknENM,IDPo,bkhnEJIOnO
hGEDjh,oPHaeoGGbID,FBnlbp,akp,gdeFGn,AjLMicPIoGOEl,iomdMAMHD,johpMg
jMFAElAC,b,EdLkif,bMiON,hNAMDOd,j,cm,KGGEIAFgbC
fmmh,pj,N,HmEekMNCAil,DH,mAlOIbBALHk,GpedilNlOeJPk,AIcBEAfjNbNj
bGGAloPFofJl,fhgaknPn,iemoLpnFLJo,GAMbcnnDfoEInbGh,PbiNNehGoPcfNH,KDIKC,HgFAjcDnaPo,iB
ndLIIAL,GFPBaio,PAAFJlAGHdCjH,egpnI,fBIadLOaKhf,hFmk,MAOMGjedAjkcDb,iKbjPfAefnLHmGa
JkF,cJPBOpnNdbgCLHE,d,PLGMdEmNAgac,ggG,DNfOiCB,GANMCOmgaemohf,GJnIAcJDfebkL
OlFaAApEFCI,ieoKBd,kLkLDgnIDeDjL,fLPHKAPpAjcFKjAL,Nfn,ifibmPgd,g,AhgDlGDjjPNDgAJc
Aodmhj,lcLBamPNa,DIJpFm,IBkjIEBcgM,GCGdPNLmCo,FKBIkohBfPg,mioM,djlAiJOLJ
CHfkLB,FfjAp,EpKKPKEDfGmcMBEH,FbC,IOin,NKnCPBHL,doeMdadje,lecJmnKHjKJMcd
nhPkk,GFnCpkDgkcDlP,ePbNFlGM,mmekBbNDiEk,IhF,fLh,mnBDIpfAEiNGfAP,AHJJlEGPAdnL
JdLcNAhnLkpapl,IoHCliiaC,NhJFjB,ilGnCodkH,jEBAbBcHEiGhiPF,OGafanf,OPOMkDj,EcljACPCjg
BjLjhpdkMGnIhD,opKfhmFjlIbgj,I,iB,aMEAF,id,PLpnDmeChKEILl,JANoEhLO
GkhomMoghkik,dAFH,fNJpf,MBmgGjPn,MCMOoE,gaGonMjLGBpc,LP,dNeacnJONHjAh
no,njjACOMnC,Ki,pHO,NiF,NpaAlNDCNlM,PLKEPcCphM,EcFLKFfcGdLl
EEAH,fLhBNCpdBpG,DjchEdB,ecCkKEkeF,NmHm,iECAfOiGHLeea,pnaK,H
GHOCpNKLAbfpcN,ANNpajEFAOCjJ,KGbnl,iENnachaHElDJpFC,bcPeMDEi,MpNa,gffIIgBeePGhEH,MAKoNkOgM
BAejnl,bDBfdIo,AjcoppmjojP,KG,DeceNb,CCOOCBKEhcgdl,DNaaNidAmIMjj,dmAmcDDKkDo
I,Ag,opePaAdnp,oMpmBeFDlEImc,HcApNnKHOOHiC,IFCIANgIFhplomN,coGfEjF,HhP
EMBiC,kG,nfOe,l,FNCIbbpHlkOCpHD,bmajjOFKppaHBCNJ,H,EMaAJ
gJfk,fAC,DbJdKJod,JhigdpkilAgcbn,FhbC,iFneGLLElFIEGOCd,enDnJALG,hbPNCdgoFj
NlIpNNP,ijAOOKBN,ENCfEoEDhm,i,CgfAEhmNNa,mom,mOEgjCbKipgfjgA,LO
AMNFifGdLCMFJGhB,df,kcPLfm,jJALKclGMijCkIj,bPm,d,OGLj,hEopBlfMlIFKBPN
LcPHgMFe,gBOnfKeHDoKM,jenhcdeaPNl,LgKaenMOD,dEbIjOIMHkdA,JHIGfAi,f,Fi
cHAcfJbALjing,GalmH,AJlGMImmOlcdmgDg,lN,coCMeKhd,p,kfk,PCiefaHedlobfaK
EJAAicLeMfhBcbhJ,Lbm,KNfLBdFKcN,DcGFabPPG,GCIANO,gjCbJPEj,mg,IJMGiAlmhGdLpckH
obMmcLPFfgB,pE,aFkIaAm,KfLOjMnlgiIOgeJ,HfgJpeeGMciGKa,KJdgkLGhCFkMp,nhKoCBNhOIMlekgN,iFCaPNahjjNNki
pHepEJcMD,FHHf,HkELnPflnepblca,namehd,dECicboNOH,P,kkNeedbNFkCdNedi,CNHfhdbmbKCidlGM
OfChLKfhMhMHbE,nAod,gbpCGnJi,dmfehk,P,JfMAGfapPj,KKhjBJbj,FKBDNLEIL
EEIEnEGOD,HkPoOHaF,CeHhMGeEb,pGEFielhDAgiG,JJfFGI,iOcpfIn,MHaChiclchNlFAm,dpNCP
e,PeJINfAfFhDdf,nBPL,lOApcpceCBafHNnA,HLK,EFoCEBaBIaHkj,PHdB,gjbC
AoEEaOcPIDMMPI,hI,FphO,fbJbaCOidJinA,JEbkNJ,HPAJDNlOECGOkI,CFJBnHK,PKc
Phn,LmipnoplJDmjJ,eJLGaboPk,lKoOGdnG,ojJHggfJjbgnkL,JbJDCaEogkoc,hAkICLJBg,oFcpkKdkcIPGoH
phCFk,PDONgGe,cig,hekpNkPpoanpi,JMAedgFnci,DPmhdp,GGgaaLLlEhD,logJaLfpN
glbohedp,NagomaeeiaMbN,LOKKLmKaHHng,aDjN,Jcmh,kIolNnn,JJcLPmIoEcl,IPHEgkbFhAckKMI
eFCbciHO,lLMaEHhFnlOMMPO,MgMICiONbCNdP,ipAGcBDJb,AaaMlHAANHAcDgDg,IBH,MGDcHBhCAMPj,PJ
gmNkIHGIfEIadm,o,Ib,Bko,ckGiEBiHlJpl,bDgbbDDJallh,abDBC,JJCejkokjEGabgg
lng,fgKGPC,KhoMHemBGCE,GODEnc,Lg,FjB,MoOmcfPHLfAMc,kAINfmJLHdONcDaC
elLcokbiOJk,ddACKKd,Ke,ipk,j,dPAJB,eej,fAnaGkEfPhimp
DMoFhdiNlE,oOOlcgE,kCAeHJO,JcFnfFKPDdBME,kDBmNehFGHO,EEPiCeakEHiaPbP,EgEbiddkeaHM,nbPJjKEBdkGO
GBaP,iGpmNj,McmGIGOIAcgMgC,ppoagdCPdFbhnA,CAbHIhiOcGa,AeEMBcaL,cldJopagnPOJD,IhDpdd
kPpf,GLEn,pDH,JPlJaFIAd,NHAlIAFknjI,BCjkLNmHKeiNeap,JnIjjBdnGKPCGdmj,DHEoEGHa
ILeofMEjDLkI,bFeBLepolE,jiglne,elDLk,iOEdfdiEoJJHppn,GBjbj,PbIHMHbIEoGAGl,Lkn
gcddHC,ihBmfp,aMnDNPBmKcLpa,NDMpolGmhOKp,LhepMjnjEiODd,eggdcogioKkj,IphOaeI,FnFgfICbjg
cDIKplfndkbGjBcP,kfccKnEO,AFA,Afd,IlGDdP,lkALHPNLGCC,dkiaNDiGfiakoNe,ambPpfeg
ededAHhfiLKj,jG,JkaD,Fkad,DaaBo,flck,GfDk,OMiFnphBGAJ
hKAmmeHGbMNIGp,nOID,IKLmGBmDdeO,hEccAMBL,BOlblfD,DeKOoeIDnPe,IFJBkNPIkJOIIa,kG
LLj,ffce,kIFHBeBKppEGD,C,GfJdOCefPDIoHh,LJJ,DJbLFkC,MoHDICdo
GAkEhILa,HLgLKGh,il,o,l,NmdlBeDmm,FCGL,gPFDmk
HihmBkJhENn,dOCdnPHOBgJ,GJIipnjDih,IghPPJFbOpEnBhE,ACMdbgKLnMBG,ocPmEaFa,fNOJDLJA,jEnmnhbNAaOnlAg
eGaDpoCoKEckIH,NHaFFcidMd,PbhbNAAkihg,fIGebobIhdFlhnkP,nnopd,lbDLIdHGbpoj,aLINJi,lPoj
ObjHihdccbgNJiJ,m,lC,aEhDdjcaefOckDG,OkbdPiHaB,BmHFP,gpkooI,jKK
aeH,fECmCi,Og,aoLfNmEMEPPfppC,nejGONdPHaoIJHfE,oLOhOMjldPJAHMb,pADIgbFfhKg,DMiMNHIOoafc
NOIFj,FJiCdMAHHBcBj,ALfEOe,MlaIoJCDbCdPJ,dAeF,ngIeFIhCb,mJgN,DePCdcFniJ
JoGKAkMEjf,IaHafjFnhh,LhLpcbkhFGPe,BOa,CHEo,PnMNOLJmdM,pfCkbDDDa,JKgoAkCOJnJkna
dfDkHJpCnAjeiIoG,FNcJlKEG,eKPnicM,I,KOMODMPFgepIdNB,Lg,kLpBGGNjGpo,IHLf
OJPmlnF,AcNA,KdefmiEdCcnm,FM,CIOjdLdAlGgm,oK,MpcGM,elc
GnkJMIaLKDhnjP,gAIbpddDdCome,keo,lBDF,CNnkipJEnHd,oFP,BncccOkmdagag,Cjdoc
dbAKennIFdKLn,nnHEKEBggOkDaIb,pCLgFBIGn,ianF,eO,cpoiCCe,bbaBlcnGckG,egPFd
gifeglJnOFGBkom,kK,BOcECEALCa,BhalPPlmpjKG,leaEiAob,IcEM,DgnNDGh,PpNLaKk
a,gcf,PChDkAdC,ollE,KHAJGIHnkaodJ,ocLadMKdfIc,JmBJBhGcAKPGN,DjcKDHahfkmpGl
PccCECMLoJkhFFOF,lihKo,AoHDKoiplINkLB,ldgBbhJHncndgiOI,gBFdB,mmbFfOe,fnIPBiPkeaGci,E
BbdNbdKLlOHGaD,EfbPmDdMDlGJn,efolhJAHeljCcm,pHIefdof,abkeMIKPBb,dfDfECfoNOO,nNEjfPibbHKNO,mObFIoNaA
ojHFajeJ,ghaaHd,KiNbhHcJGkecI,MIODGmaL,hFm,Ca,EFNmKjPHLLeNAJOg,FilFBlOlHNOHcDD
mkBnAcclCa,GLcfPbom,nEdgkHMACbMcMNO,haFnkop,GaDNhcbpfdPhKa,DFe,fnFliLJ,iF
degCJJ,Fep,JiAd,dNeGkKa,NnekgGGiLcJG,hO,NHoEcgFjOmkLk,BhaLli
KldbpfaHh,bCKdk,AcfnnaJhPCGJdGfG,hFBIPJhLCk,BfkfniMNEIiJ,LAhFd,fOBEHpKFCDDefeK,BIKkK
aOhoggdIDJhLHnB,NAJdKIMAPdOamFAF,HALCCFn,gJmdCdkGN,AGkCH,OKhDcEEk,lKgpLiD,JJcpPhaGABDdKgjC
GPCInGggPkHA,Oj,o,lE,CcGiano,JDo,fnGghHaeEcLp,jgCPoaMHHAKK
KPCNhBJMFpmoAho,ieOCpDlKcIOc,lpjLEHa,apd,pnaAfnfkpm,CKf,JJlphOPLgCCPOGKh,OHInOINoLk
EHGOMoaJh,ojlBBp,AaeeaNBC,DelFJmODOiopbM,AkEHfK,EHhfIHD,bLEAFdNhA,m
bkkCeFahkc,nOgJFEaoJHcD,FiDpPoanfiHBpch,MkKIbFhbMjkd,gIfniebof,AfddbOgbKI,HiMBMDjmhocIL,Kflb
gDOPDeILFg,GHaNPGpbGLe,MMFj,aBKfImbeHAIchCC,mOMf,BobBC,PiopoBijjgpcelJ,aKoJHEgh
oJIHa,MI,BNilGmPJKPkoGm,IPpPGcB,ieN,mNdKofK,iohEliP,LflbFbiAIpgImkMB
HJegahaLHoJFC,FHnaGdkEp,ODeNldg,aoaBjCJPNbdEA,OIBPBippLcML,hCBNGBhMH,BibfIDM,pKfkej
hoHffhH,kKLh,NkCFKcoEJ,E,BGOpd,oedEciaMdfooLl,MlLpojOIpja,fFIdb
hEAAoOdfJiCd,MBnopjBe,jnimchJDpJcfdi,aHlgFGhcOJBPgP,diAnAmFcohNEFm,nKgIjpIpEm,p,hlgcoMdKHcJJaeI
aLDcDa,adLCDe,HchO,IbFEaGdBoigjIj,J,EjpPfCaInoGMOjbc,gmLlK,mLKKLjjO
ibdDGGeJCNofI,CDHaMCMDPmOPL,mDFh,odFMhACeMpJmcJ,GmbEoihMgbhd,EaACAfGakMfbfJIA,jJmALoImJ,GbdhChciKjdh
fchJJ,nPJl,EiALColajp,oCp,hNBENAhOkoMbnGi,lCLPcEd,oLGNgH,FIaMGAFBPoJ
nnLPpEHGgdmFMN,OfeGLKaElOKgFJn,HabN,HHOfjAnmeiNnNG,lp,pGAhgpegglKPeG,dEeaMPJ,cKB
hKklbOm,POcMllfJBPA,hJaicAcHBomhCfn,eBgKbgAnGbllPdI,lD,BHlhDHpf,JfliBpcKDiC,l
peGB,HIdEMBgcn,jhHmlEon,JmeLKmGJjEnig,pNK,lAjCkcLhMpfhhaof,OINOeEmbgAINbH,K
egFNLNLA,n,HcAMAMlAJ,JbHpG,BflpBAiKlm,fB,neHFboFmKO,bDDPG
DGhbdl,HmAFLKjGFJ,Am,FPlIhMG,fMJhAgEJn,pkhfcnNJG,OMmofgKaPOKIA,KJfGpNk
CefPFPAgi,O,CHJkJKMAgjkmkf,FJkGIOfejJCo,dGIJemADjGPFPog,iFG,DBMblFgbCA,nkpcBndD
c,mmDGkDEjKCfEEbDf,AM,MGFCLElnLlJD,kiPGpLJHbBN,oJCHeP,JeMMGpjacOc,phFAbgahjaMHEE
kIfA,FJOMICLHk,InN,GjI,PCNjjLnokMboei,i,BmaEa,iDhLOiMAdmcMa
F,Gic,jgeiCmJNmEM,fnFDjaicHGdEe,fcKmlLlBeMB,cbFG,FkjOeCEiomnE,FiegOaKJbaioHbhb
hCNmJKoPBGAiBM,ekPoALMjLdjHCel,ld,homI,feAOfdNgkFElg,BjFbaGgBIjmoK,bnjAnGmMK,EaeKlBClbKgFfH
odadjEONh,jmcHGhg,FkEIh,dJDhHKcBnAmFgm,adGpfPGlN,aoGdaBi,BCKOgnAmOAPOP,hoiALPdo
iLlKHdKF,lNkCbllapCbDm,l,CmgHB,DnnPolFDmCHEChe,BcP,aIhEkKpkGBAm,PPaCgpF
jOoC,BfJiDKlehk,lmiGLp,nFFBEIidI,BFMlIoalKkBGp,AkCEMAA,iMmAfjDA,bAnJpoPNHd
GkNkmhjJE,BGaln,aMPjAgN,AdINDFCaBLLOh,ABDhKkpEJafaJb,jOea,AEoOKfJjKgdk,nNjbMAEcihKh
ndGNdmmjgoij,ANDDbmfhMfNAmFk,NdECFofchFJeBeAJ,IfPpchdnCJkoA,DKDnbhDNmEOid,Gc,ENDHDdCjolMFLGn,gmFMiECPL
KiKghEONIdhPm,IGkaHhioiEljpAhf,gociGnMh,dNMnoHiGMbdokf,KAkJdh,omiPMNceBDlcpi,f,kgpMFheIF
kbPCioJHmkm,FBCbLpn,ElO,bFan,bkjCFLJjDnmhObj,kCkmJhClAMPJjDb,gKPae,KHLkcPbadglGGP
iAfkAOHbEk,JPmOnoGA,ehGlDCaMoLcFL,mfMJLM,EJIGdhbpnLjapbdL,DdA,doMhFeKlfLFaIppO,KJhfeIBGbG
FoBjiDLHIjcb,BNmiK,BAnajbDjmkIL,K,KcpF,iphmMakp,nEg,GfeNheOaP
fGdGpLLHBklpaINF,JAEgndBFIFdFbMa,PGjagmOGENaOGf,PjHcjIBMnKn,DdKHOPAICODjk,PkiohpjEPl,FiMPndbMgljEA,IdhLfpm
noNGeAlKjocGiIL,EcBdGCb,IeOFolaMpFceag,mkj,KOACC,BaNGHfchAlb,H,FLliPjegalMPJACa
JhigfifCkl,cCDLj,npAgCL,pCmEbpmhliJIlkKA,oeFchINKn,Mf,dBnFFcIMDh,mOiC
moa,EPHoI,h,BJe,JMbL,NMPiPJP,KLoBlFKOH,IghJn
nifHnfbFafHIJEh,dNC,OelnPf,i,hPlgGEdjnGiMDKbN,BgMg,mjHaBBCcgLcp,oHP
IieCInfKJ,bnhe,AoeoEIPhongECjMA,ij,kKHKLgG,HgJdcaMaCPBo,nCIMLMkCNaj,ggOgO
CpDcJmcDPgJ,Jl,kGO,eJhHfgGbAf,kFDfd,dALkbkMDNjFF,nBmCCJ,IANOMLHAjEFlkdb
OLmICJIFMckIB,fCKDIMOBn,IohBcCHbJLpn,aAEdlAfc,dgaidFJ,jBfhNAmKOPoI,edAFgfLnCkKAp,iENIIfldKamBkL
CA,EbckmdLOCJlFaAH,GmACmo,LdOoG,AHOll,kfBgkpOF,jbOaDCeCd,ai
HHHanCIdnJ,mEhD,dnaHIgblOEB,MpLkDDAIKl,aGKgIobcf,hhIIeid,kGEpiEaIFmJkdP,LJkLfm
GFneHJIKDIAcif,bkigIPhOFllAJP,pMBGCFdJDM,cNmhjdaObnO,ed,NMpK,GBdedohaMFAIEID,fMNPOBogKDKgBkFn
OiJDjKg,MFcaliKnbFl,jGbNpEKCljKl,hIIFfmcblP,dDp,aokpDAlgGLlOHkfe,GbCMjpGm,aoLdlngpOGp
op,mNFeGOfe,pKHjOkHjdAapMo,e,GjHNNjoGIj,MNHkeIdEAcHD,kjEACPNjh,lKLinlFH
ahKpnCBpIihhgceP,GhJFKiIlChpHJJdh,Pbc,kGLNoIamJaopjE,PblD,koCBdAacGAmEAgiC,abLi,cLlhBgAgJGncEl
An,h,NFFieJa,dMcbGkmLEgcInf,HFGipg,opfHNbFfGjOapDC,IMEe,PANFmojGMGD
CiA,cEaINJaLfdLGfKg,Nmc,eoMjPFgah,pocPKNOFmK,KIBdieKkmfIcG,fhIEehdkiBFhGiaB,nlCAifPB
fnnn,mCnhFGMCBimCCK,ODGDkhooHMAe,HEK,cHMjBCjmiE,PLLKFAbmHbo,Dbnkkb,GEOJoKJ
fpgoepNaGkKC,nMPHPhdKa,CfO,jKAiNh,NBOC,aMNjFJmaOglngOmf,CiCa,j
lOnfJOHdPHGK,i,JEgDehDGKFcJKABi,NABDnagOnNfan,n,mbhaCbEPHO,fOGoHDBmeNifc,imeeBG
eLoLOMGNFfhje,CdecnfGehiJLHjn,d,JhHbO,IekjpDLgpi,nM,mGOhDdkdaNnb,ngNGlhk
LHkLAOKMgNhL,H,b,kl,nOPn,fdA,pKBfaNMi,MANnCahBOJ
IkjfcjEmmfNA,jlGFAMAl,kgGoB,IEdEPppokde,KMAHF,dgCeD,naOgiHn,hHdCEFJPcoE
MFLjfneFInpn,P,PaceKhCncb,bikp,aPFeobdafBKl,KNNpCGlB,eLim,eEchDMll
nEn,hCIMO,pEOMjeganH,hdfLOKIEAF,biBalpdfFfBKfGG,fGOlLLHpkKcFK,ldG,PhplMECGhAPHdB
ieiDfemnNba,paln,LdMKCpaJJOdkJ,FF,CNoOP,eJlmKllcIjDb,GKoacaKp,JaNKj
FmGNKEE,CLHkHEBn,dkeAcHMABHEMpDPP,cGmKjlGDJkDFh,MgLcpFgPH,LNKhgPNCkeamCGdF,oBoCGljLle,Lon
dPJfPmAEgcG,jpMgkohDfmaD,CJae,KEaB,lLbGfKiGHAdA,Iml,Bhmn,EGpkemfm
NEdbDF,EDgimhiFLke,HeGiDILHcj,kCnfjGIDolLgH,fjnkemOpcBglhCD,bijIaDlj,aKoGhnnCDNMOOK,HaPOFNIFjIKkOij
nBhAiCF,OdlJnckCgI,GHDI,NbLap,lgJoAnHnkFL,mHIdD,ICidDalEHfC,OlLPO
AJNLK,obDBLcJ,pOgGBen,iGCocPblPKLK,bMEaHbaGi,FOfD,GeKOmBEmHfEFAgCe,NCIPpJpoGLCmDl
CmfjNICaIoI,CoChjOA,kPmjLBDIe,FmF,oaeIeNniKadkL,mNIJHJlbLKLJO,cpnHdNHbGCAcobh,HglNgIilhfl
FpPpaMPojIdJeLD,fmKcClCnJ,ihagafbodB,FmMpiMC,FgOeMbpcmFC,clhpPOAIabEo,GKOlcn,M
FHhEBbJcHJf,nAFFnDj,jHPJLNANbA,pGOEfDfahKEABI,LhnkfNk,n,jdoJLgIILP,kpkcalCAGgHPKbO
BgiEfcpJHd,L,P,Bmkpke,EPb,gCFOIGekJnd,EIBFKNCFOdKCPPLh,BjBFkmooADLJpOJ
fjO,ajjgOkEKNMFeHlAL,G,LkDGKdlA,KIMi,FML,bH,ogfcBPIGFhBcH
mHPBNgCi,KcCJ,IPnekOIhEPjAK,gOmmbLAPJB,ijoCJkhG,Bm,GKOgA,dbpFLIkfbcjIJI
FdMMIBhjBNaPK,clA,hgAhBcdaELDFh,EhGpAGinGA,NelBfnhHenIB,KFmblLKoh,KjeAojePMaaFJe,kmh
aeiIpjCgJJpAf,IDGIOh,LpMjmneGcd,PNmhMgjE,OjlC,cOD,pKEGlBPaMdpD,OF
p,FJdLPgoEe,dHJjlAoAMdk,PDoDhBOlEBJiNa,aEldMFLHaElKPP,CenKCjoejfA,PLMaF,gN
HiokcfIjG,K,epob,oeNnjfpDGbFaEaK,NL,kKJkkFLKEcmk,OBNKcFkiMdL,fbEIJNgfPB
Ihkp,nKd,LBmpK,GMhDPcIgPhGHbHP,jIpGnhPG,ieCGPJEJkknM,Gmp,N
ODeKfKLdLNiglpNa,BEjAlefi,HICnalg,DjiiNkelF,nNL,DpHmc,bEc,BHmeHGJplKbNj
pAHjmFoe,EfaKMPc,AI,d,ePGBiLpnlCoe,MAaFEDCaGnji,ilpocJ,nHgDgICJ
kclmg,dJM,fdGBCLE,GODJLO,bGDpo,IpIHLhbMOFAP,ijjnKkHAIhOlE,PpMdChbpkClgMD
BmMEigmpn,ld,ApomejJIdc,PIhFnnPdNllEbl,oOFEN,H,KOCBogh,PlDnlAGaNdebcphh
jeHNMAkfm,lkFFMC,en,hpppoiCMLAdl,Oh,i,OkK,hdF
gfKHLnHHaKfFd,llgmPIgbIChJphB,fdli,GkJFMe,OGF,Ibo,jggODBFLAENOKI,cdfnLfbEjClcjiAF
I,AGCkGdadAClgK,gM,PJCfdFh,JcHnGbFGDKDcllc,mpDpEBIIa,boGB,jHJcJbEmfbb
ApcPIhJlApicK,KMMMIJ,bJBBKdI,kKG,hMdAIIBKhCjAPii,PJpEhoIdaMDHaAL,GBKjooNp,BImAhdn
IpJalmoHhhGlkILc,NMBcjL,NHdHDPkPcHBHaHjF,DfagPpmBMH,DCmMi,DGEeiHHFhLMj,cHkcGOilkahNB,Kgnppmc
DCHPfOeIpdnH,Dhlh,FDhebPcnpcELPPE,NgnnFdGEeNPCEPd,KAedPIagFlmGjNG,FaLkJmBeKDfB,nngdMG,FNG
LdGh,JCbiGhIceJfeHC,kiFODme,KODAjHnbMOpiBgDA,BKNdMDnh,ihClfol,f,PNbK
Bno,plLHeNmJDCOHLA,CaoLKaELMcjnFl,LnKl,pEkO,NEkAfMpGkeAKPOgj,BigGllnAlacAh,fmFljKlB
ahIJGGpBNJPEiL,ifIAkCKnP,fFkNAHP,HCGamgcIhIbcle,ADimaeH,pmdgPJb,LgafMnJALjBEDkMG,dgjbbBjMNDLAId
aoONpK,pPHmonKEg,ElcKNgdCpkK,poJFNFmbnAl,mDnamchO,jieaNbEPfAGMFOG,OBdjDgdBhFfBHaCM,hdLePBf
JNC,AJfemGMLhN,OPoe,HJDniBAlI,A,lKLiA,F,OJ
Ak,mPjfeC,AHbMADmIk,ieECOPLpid,PCO,blplLB,MLfcDAcfNgNBDoB,Cfhgajp
gNCPMo,nhCclGhGNjPKM,DNahpBjOc,mlBIfpMEnOgfj,NnMOp,BimIElcKcfK,knjGL,BpfeEBDCnJ
HEHP,Eg,eHAlgEOjOMbklaa,ldahLN,mCIddojEjC,EmJ,CPeaO,BgNCAFdai
gFkPMnFAnbBaOD,EljopFgMhihJi,g,KfKFKApabbAGhMNp,j,gH,oDdDfGM,BfEkndlgnhEci
NolCNlPkokmDjDk,pdcEeeGpeiJpIMDD,LeopjDcAibahi,B,Gp,EjjkKgKakmABdI,HCKcAkNBLJCB,OklcKNOmaDliBpNo
knNBHOGhJDoC,NnGEK,MCn,OGLInfIHIpDPaf,knOnEcehjm,kFHPoiakIpg,ndNHLpACIdPF,mpmDjCOgFOC
GmpcC,kaDiJbaFD,E,EajgF,NmeimKnpfC,FONb,DBCofpIDcMAobHji,IgOLeFlPEcEa
kdLNJnkJHjCiEN,CDKpFnGd,EKHAnBGIBpBp,Iee,jFDMOdgalilCohe,LDiBLAJIgMe,djMjPNd,CMngNpjmGIbBm
PHifHJNIBPBbdd,aaeFbah,CCDMOhjihDa,DIieGnMGFKNPDCHN,PPOdDlgcmpHNphB,BKAbJ,jDbC,iGjBaGPJM
eBMegMblNmIib,jAgLl,iI,DcnGGhJhD,JgB,dbgChOafmkdCba,g,C
jEid,kLOa,gHIehkDjjdBH,fcJ,LjCMlAleaMa,Bhf,IPDln,AMdmLJGLpgPc
nNHO,D,eH,habnCJmCLFa,oFohPHKGcIofnB,k,OmBjLpMJEpIfonlM,AhMJDFfKIjoP
GajGo,CgGAbJAK,IbMPLblLc,n,Cmmmho,JodJG,F,MDmJlnDP
dbgmkJbpgKm,iLh,plLkoeilaJB,HcoNcjkgANgLdcAL,Fgiba,BFkmc,AcgNNJIG,cgkFJNFIKHKCaH
nAnpDmakeoJ,PCMcAdCImOeADID,AaemLbCk,C,nbncccLiA,gdpLGDKoBAc,kPPgLGiGnj,LNJmhJgEcNJndBEF
jNmGGAIMN,MJkjlhcKlOcLmlcM,gEDCNjaKIjNJfg,demciKFBhb,NlgpJoDf,iFja,CjInOgKCMe,hGMabbPeAOh
MFfgJLCKEoiIdLP,olePjLdbgBhABM,LgOcceHDGbnNo,kIEoIgBOcG,DhK,GMGgDOBfoLCAhMh,kAm,mJp
EC,kJBeHlCFcG,kecfjpDKCcM,LnL,MjpGIIgdcLJpgmD,DklCeOCgANLLhDI,m,jMEe
ocBfaBJPO,hfJcde,g,ePBjejhJmOKlpPn,oe,jJdeNlpmhPhF,kiDAlCHpkDka,DJlemGAoBmFgOk
mcGO,mfa,kblFfBfaJ,fgaoMOoJ,HJEooIjNILF,GdNC,ANCBBPikM,PGBihmbpnnjhHB
eEdBoikKmpobjgf,BBjcIHhA,OcdlbNgGmOJaj,pLbOjngM,JFboCJanjicAM,iIeH,ihbkM,P
kofCPaf,FlgBfNjPPobD,HMPKAeEHI,DLAoha,npeKCIMiOBKKm,KAkONmLiA,NanlKkOgpAiAeC,FIdIhNCBDAPMnd
ncIMFlLlJEoe,KFjeDJBKlP,ipcfeHn,dKKC,EcDOGjnhnanHJk,aMldHhdeMkioGek,AmFEgKb,K
jBJfdPMmcoaAP,PccDhiIKeDf,aDpdp,IMnFLgCBd,MmenohDO,HoEm,lfIAaOfbN,BlaLlD
nhajI,GLNfboKOghh,PpNEkleI,nDnml,oikKPhjm,KaBgNeE,adfJce,nfbFP
DjlNHld,PJiPeIodBKGFa,CamhBAOpAglN,OggpHiF,JBB,kcbdDoplaPkpHGm,i,mFhApNgL
JoiM,bHKc,ciIoAKIimLk,pBdOFlbe,MLDKd,Pi,IEc,ohIimgDA
FBaAFIiEPJeDh,ApgahjJI,klmPaiJa,BLbaBkfe,naMCPDcmN,pihf,fHJj,FdeABpClfK
Gfep,bHMoEJJOpIpkLeJ,NJfanAjlJpINDdF,c,ddmpjGFlF,afHdFBmpCbbNDIC,GLDLGhdaHfkA,kLKknFGih
hcfdkcKeDiFoPanF,aoLjPMijGOjK,JGDg,dolEoDgkFbcafe,nbl,C,Bhk,CfCkJhAbnmchHEgb
EdMcHnmAGnBGaA,hENk,aEGGb,bAAEKKkkJCg,aeoE,aNKCFGEHFDAC,nHEkPdmmI,hleNajJ
jljnEHpMcenjF,EOGlB,hIMBEKCDanPNEbH,IeMKghFmDL,OCMnFPncMbE,FbaolPploJAidOCK,OBDaFgEDMGPC,H
OIJjm,K,kKIJnj,EgkP,KAbHmLj,aHFCdBmnDgdFAeEg,lI,HlpmbDIk
gdLadjJgbLdOfdIC,GfNjdgfBcpfBC,MkLIlHFPPe,aoE,cCNLgEFJHEFgGP,L,i,aiMakb
a,HMLkpkhGp,l,kCAEOPeJngFmNE,fJobBAJ,KmeLhicHONIioff,AFFNiC,GPNNolDCgipFLcH
mdImFcaKJPkhlH,gFeNEdpLofINfj,lIbegLbJkg,giKmcNOJM,DiDhjLgoM,domI,BgpmeMbOf,pchkLFBDLEGhHEn
icFlMB,PoEkBDGPlJfF,LGbckafbLbBGOBbn,bfbDMfnLAeiiNchJ,Ei,cmnCOGfFIGDFDbI,OiNMpFpcF,loJekDJNEfO
b,d,bjpf,lmOPlMAdKNcHkj,pCCHglfPILoL,jpmMDPEG,flgDoFKMDkEfBcnO,FMcAfJcF
KBLlILAIJBeEnNI,eG,ifA,FJJbD,fdaKNLCfpnPDAJFF,PBp,ObcbmooBaM,daMcohJ
L,LlPgjmCL,eII,DmHgmDphbhNof,nJJPfHDG,nANCfI,BGJKkKg,jEnKljaB
PHGkgfipJGJ,dhJniECAahJpc,ohiciPNKOPcj,Cf,HJ,JDAbeJhDcNkgk,fDehKIONJKKBi,E
pnkdgpgEnC,N,EGbjngkhbIOFbMi,IDcik,BEidiliogiPJHj,JIHPGOBb,mOaBdIK,JGidiodbmnpo
nficp,OMP,JE,fLJmImBd,mm,pcABjeMh,PcCEb,MmOAA
IOmbjhCBdocjEE,pb,A,J,K,Lp,B,NmLDfpeFiaoBC
C,igCaHMfCFmPjmf,AfOh,PELIkm,oFPNJiNEkOGGm,eIgDkDPJlEheLc,LjaeGEL,Jmme
jegbAHFmkLp,nljPehhBJddkOBG,bLmoBP,GhnmPaMFH,liCeAPIOp,af,KJaa,HLaIDIhH
m,IPlfHpDemHg,leIkabe,KlijcoPIHpi,mkodBFGm,pBJL,LjFoAN,CDdeONC
Ljp,ejjNnGOI,pGIJBJ,lbDFBnCKcJgA,BmhpJpPhidDObBA,jHOnAfHPhePKgcP,I,AIIg
ACKHeCbMfEbGj,ehHJdDBadjFClM,gCGjJaGPKAoK,llPdNNp,BkPjg,ffbEdCaikJmaKcj,OIaFHKikFMleOI,IDiFPo
AEDKCKnMnIoO,HmgnlpNLbDFdpDaN,mEHGngHfCKK,JeBkkPKbKo,PJLBcOaOfcpp,HkKoBPCncBcGd,dGDdBDILlKKJKKEM,lAHIfFKkb
DiILOJNC,mKFFcceE,EdABALeBOGALKopk,lMbgOeEOPK,gfgM,CnLcpFpk,PGfLMm,bKmfkPI
KD,cfeBjPKD,joHifeoDjmEDCHOp,njonFOmFNfMm,bfLelJIIA,MbfOoOjMD,nnC,CMPlb
GkiBcAca,DjpjFkPboBm,ibPekofjaJFjAEb,nm,hCgmkJneGBaBe,Foe,acH,nJegCCL
fiGPP,EIGHF,JNHeoaFHGEkeAlK,LgJFegoNKf,FoKOLhKKOLhEoh,IkDEmFd,KHaJPHnCIlD,fJFmMfGKD
ciKJ,fDEOMEemClIK,FkLAp,llHLDNE,FN,aDoeMLC,LLgDPHKlo,eFIIOkhDlJLI
ofjgJglaejAAcGk,pjmIBaAhpBGGj,glbGcnEcOmpHLG,fieJ,LnhJhiOAaPFeblI,iiBDfCNi,ANDC,LaOIiKEc
MPeIOAdDBKPi,NoKkIodbFnHdEA,KENcLFEOmlAA,KOH,DEdjJDjBLJnkj,e,GAlgefMdMFjNe,ia
Ll,nIllHlKpDgPH,HApNjcIgCG,LAJGGcdGG,fmgFfPFBLii,NfFniJgmph,n,kAjFaMpaG
GJDOd,jPnganm,bJFMhi,jAbmBb,lEHLKmPPFPmEhmLG,hGMPAIAJpiBekONb,HkhdleO,hepIhc
lAAFMlg,BJoGIEjceBJ,eHFKAgcf,jEcaaBgaiNiDCDJ,KDgiNNhh,MNMFKH,Pmolmm,GcIa
AdHhFDbJaooFneBm,LiAhGB,FiCKn,pFDkEDifp,KmJGACGkFcKbijPF,hPNfOPGhOFpC,MakCj,MhiaalnEpI
oikAebLf,BjJACDlNfkkENCko,oekKjGjCmiC,JiGac,lKMCHIEFNCKFFDP,hO,lbcmJKNDMHDNp,FKgnKoPJjCnMo
LhLpODGJH,Mnldhon,DaNKN,DopnCFhEFod,PhhlM,JmfjffAOJe,KlOkJNmb,j
ODFbmEPBcOBIgnap,eIDJfOb,fHKJjaP,nO,j,CBDolpeem,CJkkCkAh,JnIBoCfdJMalcg
bpPhpH,JnP,BKIGjMgBPCK,oFDGFEAEeeMbg,dbJHFncPEKNdkLM,dOijFeAEeHCOn,M,k
eJ,biDElfGMabIMo,jPklJPCkACpNJ,DnbGIhCfKfF,MDEPpmIgKJMFh,kCeMnBneEcK,PGnhNNdfMB,DiLkjjfoIglmfN
oMh,bmGfAa,gIAnPfB,DCNpPmE,eaC,JCimfBhinc,CJNDCkc,mnKoIaLoDIHndK
oiOlbalAbbOaB,IDkHbMFd,AjhOcPp,GoDJLOkJ,jpcFgM,gACCgHAmJGkiIfoO,kDbbkGCiCJjH,NeNpkfBfOA
mdgKbHMCHokBGN,Nb,HJeAaafjGilMJC,CgLaeekMBdk,mc,FKk,FAAF,gCJIJNp
gB,LjHdEgejiiLHpK,Doamolh,oLJme,iOBOc,EIEopcPHf,JIPMnB,FCJcohFaKL
D,coLNA,ILMMDN,oF,hO,a,lmADDEaOK,bkFbJiGn
MfjmFO,HgfocfHLpodAKDC,CKdcDFN,EeEfOG,Ang,AHGdNjLhFBkmCB,iGGbCDl,ahomk
BGb,eojodiFKddoj,KCeEBFcAd,Ch,ggPDFEoJfIdglLB,CGjcoeKC,Hji,KGcBBEJOKbGaiNc
NbgHhDjJgl,bChkDoMlJeBLfd,ahaKalG,EIIDcDFKDoagc,MLbMpbJodOpFf,lnHpckbiFHhcfiG,ggmKIacMnP,PePChE
oIgAGiBmBInI,LcJnOeokKKp,oK,lHmiALc,c,BLlA,oHhmLJ,mMLboCglfPialj
bKHA,GpA,IeCeLPaNAMGiMi,NJBIgbPekaElDj,ni,pnhbAJdK,EhHpfNMbF,KiIJbkPBkHHdioB
ClJAJifPfKmgIIFp,GalEKnfHJLcc,lpigA,mE,bEdLjiJ,ibpcLneBEgjbai,PMbdbjka,pO
FgmfnefGaKFL,GolebnIkIiPCJJE,PJnjDCE,KCHODHDiBanj,NHabNGiajIm,L,jmngLNComJ,Ploen
DOGEhmLOLOE,HnFFjIgF,JAHHh,kI,dckGa,gCceHgHKL,DKkGBp,BA
deHPhNh,MIdMLKaDNB,oBoDMloFDoLb,BFCj,AGlCKGaEgHfakjd,MEIELDafLOJiJEJ,oagPPkbKhJIPEG,PcGIfEEaFhN
onCMgoGEFDInIK,ohKiHfnplLPkeFOL,KLILImaJ,CMObMhEDLaDg,gEjlLIeCNmp,HlhfHIMLmk,nGcIh,KfiDdbdpHaNmkc
DIPmFjGEp,dLEOgBdmLaKEHJ,lMKJbAAH,DHmfd,NFfhNFBDbMbfjhje,gPIglNBJahbEpdpG,Ei,GieFOa
mEjoPjBnngada,AABgFpaPf,DHIfiFLGjK,IjgOOHKcnljEP,LmNhHgHHflODBPKL,Eajk,LneEiHHMfc,BgJiololf
hFDehbjPeMPdPilI,AK,mji,HcGhPCBahal,f,LBljB,GJBjlGml,gJHp
BEiocGbN,kGAoLGhKgdnHip,paeep,nilKLl,aDKIOI,HpgdBbjHhjjjMPje,Jl,LmdAK
GbDhEMgPMoDdN,GaooFpBeGHMaCg,BpNiljGKCD,hHgoJdpPP,FECKDkJIBj,MeFBaHBDCA,ngPIpjalg,hCIMhmbOB
HliJHf,oEFKoDeL,jCCKE,bNgclHdkh,BBEDK,cljJgPkEf,Ag,PFBlhIHkoDmPMp
n,PKBmoOnbpjbo,CiEjdkCKM,lLhGembLIaoG,pB,PenAH,NlemfMPBDjiblNOG,NP
nGcJmahh,BJbPDD,LbOfiPklpPLkFOiM,lkFhjjGEd,epC,FNdkLhOjFAn,eKlAipHboN,KhJEIBIfimHJF
cHfFKokolL,HhMcc,iN,FKNDChecmbOeKLjI,jIgMBinlja,odmLEj,ejeGDaOeNIk,GBhNkkF
G,BCFO,bgMPeaHEcCFkbk,kDJOh,klKPCJhAadppee,kHkMMa,nh,IEjNoPNm
BOeNALAKalaaKio,JMFfbACP,BmEfhneJe,EMFcEDdbekhpJ,NancMgDApmHMa,Jp,DFCgfBcjjg,hloHDD
hFIlaKA,LfDlCjaMF,KchPkjmcJOkKFl,BfPHbkdgmoeHMlaE,EnmDPldoMjDhEN,gnpmboJFjAGPae,DjbgDcBLPCEGL,lhHhcBooEJpM
EKCl,idmm,jFpICcpdjMMAAilI,LKaCGlHLF,DOjHnJmPNfOBCbK,HbN,kNBgCNo,gNGf
ikDFfoHBOI,GJgN,KKGfjLpBCaKIooFI,AAfhiFDp,FbAAbKOdJjfLeE,LadOBeggIDmb,dkn,OieaPlEMmmiKNL
eIDj,obOMlHjFjIKleC,pgeA,h,HoNENiCnd,OdMGfikallc,OmNb,HOkDObOJEAKf
JhiGEGmBcANFO,iJFGjcGIH,hMnCOpMJlnJCk,MDCaMpInn,llEG,PDLAGla,kDNpENLoO,eMJlfDAa
mGnNcImB,LmeJMF,dkNHpMFdd,MIjKn,DnnKNedhP,bkknpkeGdoHbDp,CNpifpOdGDHEco,NNDHFC
bCpKc,jghDfNbkA,GJILbhLndFPm,nIpHjBNEDCAGPJh,KF,EjcfI,EhLpNdiILe,HlfE
OHkKIJnhLg,an,cGaAeM,JmadcOH,CoNeOoHbm,FKmOoBpKiKGiAiEM,jEhFPNHaKKhDkeL,jeLPBngAoMHH
lmIHiAMOjiDC,MjOMcCiBLk,pfNfHblApDail,jkI,IbiGNBDI,nfepBFgB,nLkAfCO,peeLN
PHjPioCbMNA,AnFaAMF,KcihpPOGaHf,GOckeginf,JAC,POCPmbEiedCHgPc,DpCPBbbFpkLlAAc,ichbaCblFDLkaO
GlHJj,JElHfEIpNKCijBLI,CMljgEpJhBJMh,PdHpHpMDmNHEcl,ceGadeLKPkBficll,hecHJgjJFADhKI,oEkdAnNEeLjcfMD,apaE
iKIKh,EBclbCBDnPGpD,cLLekpCpNAEmkAm,IiEBBdlaNeMcldp,jdFppeHEHoHN,oOJmPfhmgeJIeNAh,naKDKkmHBKMl,NMmFkkbcIhnKg
apph,G,LbNnkPhdP,DFaNdfbFFjfPNOfo,AeOeoB,dL,KligifOi,nkPCloniejlfdaNK
LEAgniILfFe,GlKNAK,IBKepGlldJPBig,MA,JDGhH,ghnLDa,NDClkHAnHJGL,fBkgAHKdpHeOHIi
IkN,ncjbeOGD,on,ajEOfMkO,gkjHbKnmIbBN,LamoPiAaBdJC,oLiEAiim,cC
fBbfNkEm,ejLiDJOMabc,F,FNKDE,LkmlfadogeCOMOc,BhlDfgeEfh,GPOBpG,lHGdpMiHnh
iFMpIdkhGHKM,LALKah,hA,E,IhpABgbL,cPiajCGCNBAo,opIbhLaAJeFGCa,cheeiPJfDaPad
iokEc,fpNb,EoMFmCj,ijNk,IbeKdFIKAj,iJNMabOmpCpLIfp,fLO,edpDAhInKAnl
cGLaolOEcDNk,gGceOkIA,nPLJPfGbk,MeoDmkCe,B,MjIDbIPGhaIgm,fa,MaGkpInhMPokOGI
oaFNngjc,Ib,BIbPBifhAhbBamM,LOmaIAeiM,aIbcLihPMc,jpbPJel,lOdLcg,egCi
cGEDgiCHK,iG,HOP,eaDBDD,lihIhHj,M,pnJ,oIakMGhmHk
hHbp,KcehgEBKkcEM,aHaoMHpLkfjaNgeG,OlOBJjbfkDF,L,mLgnn,CnP,NDOfe
NjJHGEL,hChEafcLH,CDClnodN,ocPkmAgKMioeIM,fonMjcdMoIPaNIFL,NLEPcakffn,jbjBhGBpbmGPilkn,JEbLfgnIENGMmBAB
CKcMJGEM,mONpDeGBDLJN,LEJaeJh,i,ebfbcFHgfJHllaL,cpG,CPhMM,boA
KjkBolBpHnDDCM,HJ,PJgHPbB,AHAMpjpaHNhDj,CcIGfjLlnDPKO,jm,OgCC,dIedPlnPLgDIpFKB
Ll,OPjdaLjJKCPm,IHnDKLBbjn,BHIImJo,AopNINhpmomaDM,pGJDOkmmlEKman,AGOjlccFghgpKBDf,JlFFKcfMlgKnof
dBHnIJfGKLFKdJ,lboKhKlkMjColCfC,JagPEgLlCCoC,AbpPdNdOdoapEn,HhmpDF,BInIhpnDk,oFnbagKb,g
gcOdNHiHlIm,nafheMBf,egocdkcDMcbNDGPh,cgmcMNMb,BieCCHkmFCNdJpJ,plKhcDfePmAkcEf,Biacp,ImDpKIdFj
bIJPGDjPmNjl,MPLLnLkLk,EBGIBhH,IAceoKBiKoGhd,hOEf,gCkHCB,nJBB,HF
BHFmIandNGomao,H,JemJDA,IephMLEkEFlL,a,loBjnGpF,nhFMa,CjfO
iKFhhGbkjeDpHlhj,gNbFnhBcgMDGJog,lABajAeCa,GpaaOfjNglHclJ,GpFjplJfaa,FOEnIl,OfbbfeMPMkBGMGD,diFnknlCPfle
KfBjJ,pe,DHkaiKiF,hdHjppNFlGDldf,kAAMEFMFAFhllAO,jJAf,IAbHigMimLmECDI,jJnJJefMnFo
Jjekji,GLBcPgCLJHneAo,aG,inBjBfNlDeGKj,AfmhCjJNdfcF,ncig,L,ApMakbGgOin
fONgonBNGPGHE,gaHNNEoj,plI,KDfHbdKjECLba,FDIJCBJF,cPEa,khHePdeLGnFhhjOe,glkbeoMLGMAlcI
fB,cHAfI,gneCffEMNk,EoJ,pghhJ,LaKkdCdOMnKfDBHC,bHgeklihni,dpfAFBkFOp
NL,NDGioiKLLHgCB,dakioCNPe,EOkbI,oOOIJIAOiifdG,AkBe,oDBlMjonjg,pNLKLFnhekHMMpP
aaBcBJmcmpc,NJPiJBjcMfnEjF,lnHmfj,KnFHlIph,AOkPi,cAboFInL,JDepo,laODE
FDa,eg,Gl,AjpjkIjJkGfNBG,NJeOBCAcnLHf,NbhGBmEljCiP,OJ,DnGhAaenm
AKjDHe,GgnaLjbnoFPolIL,FAbIdi,POlCDEahfAHFGlL,nimji,DKGickNKLLCHiAPk,AaALoCDKjlCHdCJa,ekgnomNGC
oAEhCIFojH,KHpbfKgcJDFhfcO,KfNoHb,CGnB,DoD,JhNEei,nAKbFPdhPoPl,offdIpOELNJo
jJANnMlJ,bLCp,nAKHHMia,jpaJkKpKNKCJk,coIoG,An,OcbI,CPpHpoiAaimKHO
IKifOOhMKgLEboi,cPng,GPpLkL,eEbF,DEmhNoNfdgba,liFEMMmnBaKoB,KKc,jaKhFlijNJIB
DIHGBjFBFMKlgoBG,djkNpChlnf,OkoJKHmpmFO,KChEfag,o,nLodNoimPG,b,nFKjbNfADn
lpGGJBFPA,jgKGjOnnOaimL,gnap,lIkcnMIecm,lbKOBnpoPkIfEm,KebieFPkomlmaob,KBlcCEGKaomaABBd,DJlgidjbcKnJPC
OO,dfHCfPEI,bgpO,IMlKfbABoHCDCA,bDjmkmM,OnjEEDF,KhiCAd,oKAEhjhHnlMiCbBi
ojGMpecDBCPkb,EDeAjJMA,FfLhICiFMHLL,inajllfDoIbHl,jLBnhBGPjFfP,DlnKMeFJeKhEO,KNBhFLaJcK,GGfop
ooEkcCCBOHeA,FphbAADfFBphCi,BaIFlNfDCii,EBOhMiaP,PKdEfIcAJjdBMECn,J,DmeBHB,NiNDPNoinJ
PFNI,cJmlh,hLnME,AfIjHhNHJ,LPocPbgPOHib,AehKNHoG,gilhMHjjHbhaan,H
JahCDpjeeMELiBdH,Khl,gPKemj,LljfGoLElf,phiE,da,HGpjnn,OPgFfND
CdJaNADLBLe,K,MefKbpoAEgOiaO,LCcndbA,dLBnJNpKI,dPnanioffOdn,FcjncJfDnPoGAoaF,bg
IChDKgAjnLKH,ikhjJAggnnemNpP,ceoIe,M,enpdHOfPD,iE,koOkJGplbBdB,JflmCj
eecmCAiplHndeG,PdmBmFNBIgkl,oPnGfggJoaIEHO,mmL,BKJbIcEgAiPObcf,JpiKdG,K,IebgfGDAG
IEGcBJIECLDJDO,MAMgAOjHKGifffDO,mLpl,EJfaGlMMmMkHkkK,KmgH,JhBbEkglEcjfcfBl,DilmLKneBoI,aNCKcIlGHFPl
oNDEibPcago,oeJdNLCmhHGe,DkaKNPiF,am,PPFnHIiDLng,GNbCpLiKHJiPJeJ,lHeCgDGdJJafnfcA,dn
neApNPCb,HOkO,nlCdIMDlI,CflnhCg,hLdIBjGkoI,LlN,JBfNdgKPelnhIPp,KEDNLPInpJgNJfO
pOackjFlPlmecFPI,hcnJFECDAcNDlMH,fkoIeagAmKI,MgAJjkFmdLM,bJJJ,eneDb,KjkkhaoiIKgG,kkeikOghJEKMoF
BL,iFa,AhKPhEBKdGpgG,Nnm,Gpk,pgGP,chnMIocMh,fh
D,jaHPEADaDeCHg,I,OcjcdGnLjNn,JFIomciIknlNphOh,DD,nNoap,cjPHn
amaFjFmhlGlH,kDKcnkDiCJEc,HlCoCAo,iecCjngadCgogI,j,oGJANOKENfb,O,NBOifo
IfAclnnbaaMOiBLC,giLmnGJN,ObEfAHhLBjOEc,AlnOC,NHkN,Jp,BbjpmKhnAgpCGcn,HjK
gDEpbFo,piOJomBObKL,oln,pm,dGDhngEMEj,glmPlmLKKdcflNI,PFOEiiklKeO,nmGGcIDINI
hiDllAOM,iglFjjfGFnamaF,njFDmHPEEAF,CcdEeB,kmoPKgelIhcok,kDMagnjLaPGCJB,OlMJIHB,iH
niNnjJncdoABcBnj,ifBhkJ,oOaIFPEkLNpO,PdaDHgfenBOFoHA,KDp,p,cJNjGik,NaijMENlJneogO
IEojJLOnL,LloKMIfLgnHacAac,JE,iHaaMIppnemb,kCpMJDHObDLmPPN,NbNMMBmkAdBdIPA,gfGOBdjfggAkj,cNaiMkfcjbnCk
knPhHjAhlcCigKB,KbCJmmAmp,dgdDFpbIk,OiDDfhOgdpLcEpf,BMDgOHoPl,mDIon,cEgNmlIgDm,Kba
DgaLioMlcbjGgO,mLm,kJjmjCOL,i,ONBNonFp,LKJ,NPfAImOmgHjlE,DBjAMGaEha
CnMdankdCg,ljdNoONMnnFabia,FJifEHidFBmnlj,Lpb,PaIgnpibcm,oOhIgbnkcCemFmL,AiIoKLJeCkCcgdm,Dc
FObfcmkaM,igALldilOlpoIgBO,fkG,PCgMIbnPEEjebEb,cIGKnPkL,OIEo,glomlKbMoPdB,G
CJMKki,bnnlDADCjJNGCbiH,LIeIjoHMcnPILEjh,knACGEchMDgdFPmO,JIEKGLcAIikOAH,FLFDojgFgHImCiI,iNgBnADgPO,mL
jbKIOkgpJoHnfhJ,NbmpkokplBDjha,idGIOfphCcJPgg,igGAHOhce,GKG,BFhf,BAEjbPN,D
EJKbFLbgmKj,kAICpEfGIhfnaGHd,GGmMkLAHMlhihb,cNNMFKCDLpbia,BbJinofMaedIHAc,m,GpjDI,cAgFAeoDDO
di,h,bJfpjEBgkJBGA,HJjnJlLoga,gBNod,bPnpCgeCpf,FML,adoKNDHndJEGOeB
fGKCjLgLn,JGmphko,o,lglDIHonajeMFAjN,hBOKBobHPfgG,IciipdjbIelOdJE,M,BGHKm
pa,dfCNbgk,inn,lpjnnLCakIfmM,gimApLON,FhJjmpm,lf,EF
FmObIIfe,EgAckn,COMOjGIimaFcLA,NgNLI,kl,HoKelGj,bGmjHkhaePcAN,KEDmGpEm
bGPCFO,JacFCIGnMaLLFDcg,FKHDBppON,O,hknLhBNnAdKDf,AEh,KGlKbPCLBjKNaBMD,k
AHKPcjapeogpCE,kPJbF,mOjCfIEoHb,pIKgAoDbLLLkIDOc,paobOi,MhMnPoBpB,Dme,mojEHjdMAPg
PgDChjmcf,GJfoEkEjm,hACO,HKApcHblaO,cfFhnKcfIgPodNJ,mbaGeIh,iAIEeJcDhFCIlp,oAjKIEock
O,GLnP,EA,igpmGlJmnOhHgDBM,idK,b,CNnKeNPPaiLm,eH
fEEGIel,GNhOFmJJe,FDakGPjbGM,mghgMBIofJda,HHCFaMFlLnNmlH,fGmfKfkLcMI,ANKCiP,mBM
JaIhjhAenLGDNg,FbIediMGKoma,A,DcoBdejNNMlkB,EoBEIBNGhAM,OhINlCEmj,ILMI,pkogCi
jClgoFHkj,pFNAc,I,KCo,lOAEpc,ggf,Hci,JNKIpcehjidpFI
PNECgNlMapkjH,DMbM,daoL,Ff,MNIPFLcgA,hbcLEc,FAbIcNLOL,kcDb
kFpOlPmpImJEdo,BedAAahemKiohoC,IAFDfMEj,boI,nbgGF,GDfAKKDENM,K,GEpCiiHFJ
DkHlKAPmAPJmfoLh,lkhgmeBjm,Opa,BI,BeEeMpNH,iJCM,nOipIPlfDCF,CdLCMGLMoa
Gjkf,GeJH,nHlIgM,oadOCoidDakGO,cKI,iM,ipDicbONIDKK,m
HnHoBcHFO,JIkhJGK,edKgCPAoHPK,cJNigiPEokEknA,gpIpCApiHOPeIOG,BiAJiaEkcBhioE,EK,pEKhcmiigpdNH
MnEEnMK,gaenBamGBILkhJGD,oPicFgCaIbBoE,ikoMOK,mJG,bmHBBik,ahiIcdmcaelg,MKcdK
a,IlMLOkPdeKpA,Gi,MpNKhnPIc,CdpnCpPBM,cNLddJOng,Npb,fIiFaOPl
iMpOKmBpchEFOel,DL,DmkLbH,LDldEiG,DJfIENkEpLB,Jk,ldOdgFb,FedhfPDJEbgKPDln
nMFdehjE,mmlPpiPAEMLnHcPE,CfLeMidlbBaieMPJ,BKOLOmGcHhM,KKnadMigOkogBn,cmD,fdoFP,KDPgLGbb
LNKMBPneociLpDG,cgNEOBpNPonlCoKi,gcjgD,HGgFoiLFfC,aNIEpapeEd,gjgOlCE,jjmLdPogLj,dO
ohKDncNOAkiO,EEakCkoPDDpKnI,PpkKdNapcHlBJ,GHga,EobjOE,Mg,nhmMPImL,FkHcJGEnGb
AOiFe,jppnGhjIEO,ENBIFO,eCKJn,ENnajobpEdi,iFkG,eFkK,gPh
EdCPOlNGnfnMiO,EfMf,Ebgf,lG,cKA,GHd,dhkcmM,dIFcKNAalIo
ikKMBHmLOC,opHK,bmCJC,HJBCGCF,B,CIKO,MGNPjDOI,MIHecAMJfmhkco
nfc,KIhAiioBbc,LeGmhfIbL,nPKonEaP,pC,OePhdlEjbJjmdpc,kNDId,KIocA
LnKOHnnIDOmGjnB,ElmabCig,bFK,pcgaJHCO,FIjjbcbIAdE,hOgDjG,MpnAAacBAppbhAh,jbCGkpdikMIaJM
eCaoclDGCofmIbPJ,P,f,olhaMahcJFfPD,iHKopOmeiApaaGA,CPcLnHlcnb,D,hCgMoLEDNp
ohmclgjeaiF,BFHGOdDgL,CfJ,iAMjI,ajbmplfoHLaBlfjL,NMOedGAMJm,EHFodLMfeccLaKN,OKFAgfO
CgOJkngfH,KAJFi,kLMPnELdnGA,nEIgPEijbjGA,IlhJkCFBnnjNEn,jigjD,o,fjFoEjCkgfCgp
m,Gn,hOdE,cEcdIGHh,BADDMPhGekcenlk,oceHLBip,ppLLc,JfkFCdAniKJpgLDb
eikfLhNAcmDGKbNh,DkbPNdKfKenJloMh,FO,BdgjEbkKJFPCJ,Nb,HHANJ,agGAmOMDAPeDlMJ,fHpJLpMM
lCgOnBLlP,kDoDCIpNGpejD,IbaDok,OmnnapJOHbJ,Mei,OI,Ebo,bDIeDL
nAgIEFMPKG,pEMeeFhfnJGoo,HAOBM,DjD,HfNHPBNOndHNhh,KdaLdBNIPbMekld,aaNiepagLllehPO,BkeGkGNJbJNDCaI
jpGaAnpbNH,jMCkNAlG,LcofOdOhGL,HlgEgekMmJHKmIGl,cFLPD,NgckMBB,EBBHnKNPIGN,kMFn
fHPKgmlePb,kJhGEA,GGiEPe,OLpgHKAmfGapIGN,eGCkJ,NKDnKa,ljba,gHmiGoKmaa
lLcMclhDGe,FDKoONC,CKIGiBBdIn,ilHe,oalEMfemh,Ek,gIIadoK,OLfL
AmdJpBl,OOlgJCdCecFMa,DPnpcAMLpfn,feohEPFHPAhCL,nPCc,FiKmAaFI,khiCEebJBNG,aMcNGcMKBoanBPDe
HMLAmdAfMglFfnio,nlIEfpfejHiFIg,CGhJgmJEPd,DIlAebbNhPOBnlJL,DbbngaP,OgKKiKFPNa,bmCFbLDcmljjoi,cNel
IMdCjiC,HfDDl,kj,pe,CnhBhCaeAHOhnEkG,lcoNJDAojChHf,fLkPbelglonKd,nFN
BadHIHefjPL,CFNCH,KkfJJgEIKiFplFDK,lPCCJipo,dpkbLhBcollmn,hdPcAgn,kpGLNKHjabjmOgcK,j
bNJPpBkOpa,lhEmLjDHegE,KjecnOnPL,efkgFgHN,gKGCgeFGAlEnoKCl,gmiCONmkcEdIge,MpmGiPjkkKbGPcl,cDNDLKFPHEfoo
okgacfI,PIdjpjBJpoj,dIMdaefenEaJ,BLodjIGnhIPD,b,gnKDAcKafM,goNmCOG,DigOLlAKiFhaGKg
oHcma,aOi,ddFmeI,aigpdPohfFnGNFO,ge,GlfgEDbpbkJaFOA,PgmCe,DGfIoIAOBP
jcpaAbADDDgl,MLnckHiNobLG,eJ,AFdbof,kDLALm,LGiMnpFDcga,ljk,CimANKHPBMOlK
oGPMekfGIn,of,mLmOAKpiOnabMIoi,BeOfAgAMneOFK,eFNlfhNOml,HPBEIDFPLdf,NAJKPjCiMB,dFhjBIFO
nHbJcFEJFnjPdcP,fPe,MIiAGbdaA,AaCDFeAl,D,oJiDDGlnOfPge,cDJCAofFiGM,Kigcj
hdgHncEE,jejBGBLD,jFbpmagFCMkI,eOlAafggmEdPhD,gHNoIlhhf,HAFnmbc,gAAifHfk,noljlOCbD
cggMjLfbbD,MLCeFPiBgmDeaa,COEImKMgimgpjPB,nPkOifdhglJNA,nNA,FOOAggp,Me,CBGHP
CgJlohNOKBfjBai,NPFpOpHgnceEno,EIb,lHjmBfDnjfd,IGLHIJHNLkF,NLO,An,gcgllLGJDPEehIKA
dDKppHhhJAJgfF,kGIFhMnKip,pk,i,BJkcBljJ,KjoEoJOF,g,dHeLaCHBBbje
APIOnmefbLPPp,coKNpfmACFIpK,iCJgbf,f,jAJGgM,cODKN,ocjHE,kffmenlFg
apFEGICAEPdPBpL,bgE,BHbnCInJ,GEfeDLhbf,ooebcKnAalEJo,gnHgCLCBE,MMjbngKhCONkDh,pFJ
DhFaInlgbFe,oGeKn,kECeNP,CEPKolDnC,nHNggNeiC,gJjEaBp,omGppgNd,AhgoLLOkfkAP
PdGAif,HhbHkJF,NC,GeeIMIlEbe,CcbJBDCBilgpF,fbCMchIKFd,iDBOAj,LFPbGknalmlogMFg
jnLkgeeLjfhfpcn,CcjJogObHc,PfJflPhOIHIGaLg,BAhKiBnobcbifH,MJI,lhdmgnAEffhblg,iIHkBgaKDg,AnFlDjMHBH
PdgfbeoAl,ADIPGFlamBBfE,mNFPPCB,cIPEKdkIe,dN,mn,pjkmGCFJKLDdnkn,oBcDeFPONkmCMPfG
leIbdPahjl,FNNfEoF,gn,chLLgpgnAjmeiGP,bMKMJnoaOKEjIEj,pmh,LeNnhcAL,BDdFGLHDPbdm
kmPg,JbF,idjhOooenjk,IONPfNCgLpoB,IAiokcLdccoanC,HmIhlMEDLpMp,o,E
bnpLJjeaegDI,F,JpJbO,MGIHIhnIGFoooLj,AEbm,ajHJlN,ANGBcIgclDFi,bFnPjpMe
kpIIaIhLeMBbe,ePgFIkOBbGkPCl,KjjjPKjBOGgmkKE,DjhJK,DiFmJa,DLpp,ncbajAGm,edLL
BNfCjPdnn,GfgnnNcaLbm,ABIeMBIieOJf,nfpIJOnOfiiDHOmL,DEopicfgfnCeejil,GGHifCHGkbc,BI,fFlHEf
CknFiKLHgbKB,mjnJE,MOhOoaaj,ooiMFkafi,acagJCENnhKEjPi,djNpPLpHnf,gJmfeeDA,lhbDbiih
FFJdBJkoHcg,JjGPAoNGdeaLPlLG,PplLkiHfmLm,CmG,MnnceN,BcMNFHmBD,FJbPDFIpN,jiCm
EoKBHcAePM,CkG,almdP,HEaal,kfBNDcph,CbEjaBpMGpebc,pBiHGjlnKIhPMmKB,J
nOHbBGjlFMhDBNJn,hJeGHPMFedlpg,GgHgpbbBePaEpAal,HDgppmdmij,CPidDGAJO,Gdp,AAA,jebGJi
m,N,kaAJeIFEf,nfJJfOC,naMmBfoifafcEfga,PPDBlje,e,gGccafboaFkK
iFfGIaLfIggjpEN,DIOKFJfhAMcmEp,maEJghkLBfOdjG,amlGiGfAfPcohaBJ,MkjOhEOKh,mkIpEODMcpjHMB,nApOfKpLeOIlM,eNefPomH
LDKNEGOPCcBP,h,mmcbABGmab,CDajGDgLD,hNjPLliaE,lKBBCoeOdim,BHKKfFgH,KNeIhmd
BNAcp,gEEc,NAkBbIh,INaoE,B,nMBliOBJMcHcd,AFGjpNcdbbDAMK,CKdKEniCGjoNJc
dJJjdDOHAgH,Dbg,KAppJCBapObaPAM,JLjkckBOmcCPMGk,IfmjJgPamminEB,cGNBnfhDcLE,JCCCCDJIBknfJip,iLHPpIIh
AJ,mGl,PpKfAIeI,gfHpAFmndONfOj,FlCNJhmGbaApjec,PpfHkhNokCG,PLHncKCcGNbamJEB,DilglldnDNnM
Mp,MIHFGpMcMgIc,lDLBDgKbBOMkMoK,cgphlOfHliBBML,IkhEinNPNJ,EILdDicloG,JJmCEOALoBAcoDHF,nOdCFMJkOMJekhE
EPckjCn,JEfkKjOiCN,gBNKJhcfPnCe,MGi,BjoAiMEcfn,pMakhIkoGLAgg,iBLleNpE,ANnAfnONhepjp
hlAENnmPjLcPnGFg,IhOg,eIdpekOHGfEBOp,hbkdN,IoOfG,lCdblN,JkNEajl,HDaibKIgApjikNbO
JpomakAManjE,ofCOGc,bCoDilFehJpn,H,MElMBbaK,COCFjJBLm,bfoDhHgldgaNkp,EFPfPDBH
EPDelDiiHGkea,KjfIpLILFiajABdc,jceBkJMJcp,COKBK,kBkNkPLp,mhkAAepLhdi,GPlDj,DMnpIHNC
o,CPIlmokfJl,oDhAolDGnGdFK,LHOOFBi,oIdBDKbcfkl,bch,hNHPCJNHLpfoda,lMIJIADjfaA
DeCblcNcNBlGohId,FcPcfj,cocOBAJgH,BIfkMIKDaPPjbnB,PJeNDMApJoDJI,LmHMOddemN,McgfeOnINEIfjdI,f
PPA,IbooIjbFHGaLplnp,hIePPaDhkpdkie,NHMccAAC,jbcML,BjKLhemgLjbC,jBcdJkPGjkk,hfKOBaaNp
DechDEAGdA,OfCKnMhigBejOge,JmIHlLHpDlBD,EMP,AeJIPPah,pLkOfHam,lkindedMpiKk,AJb
LPIflfMaPNpLmAO,GgPnAOlbPED,eaJb,DmJKmGlCcgBJC,mAgdHBC,EHFpEhlkInbABGop,PAo,mbbjoHEDGhNODe
KphOK,opDgPkCOoDiPD,LHbgOhEIKl,HMgfcGPcBi,lONBpmgM,BAFgjpJ,nnPeFfe,mkCfLinLCFfgFNB
ACMikH,nMFCCAbBjpIdIMjG,L,HGG,LeaaioihCO,Ibk,KohNhPPoG,eBLekLifjKod
IG,OG,lHN,adLaHkGOpfC,NgPlkpaCn,IMdmFlAfIDdPGgJ,OjmFJeb,fhpiH
pm,beaPi,nPJNoAkOiGDEmJ,CDPpNDAecPh,GbAKaFk,MmPcJmmmkgE,JICnHcbOMGgaoGO,kDKA
BnLGHmeDMjMKBiB,o,miKKcAbLG,didhaM,ppeNdcoojdHEaNj,FIiOb,GkJIFglMaE,A
LiFLhefDncAc,J,neJCoDoOOjloM,GMl,OoeIpALnOLl,GlJlpKIDPLD,NDkefGAnfGJKka,Gi
KnnfKANlfMMCIliE,jemfCKoAdmKNdD,gGKliOkM,GGOmKGLNlEb,ehDkmMcOK,pKClGO,DoacAiLD,dGKffpKmLchBN
HpLhgPh,hEcOgnBBHEHf,KCinEJfeigPmpGD,nhGJaM,bmgC,JNgknBDleJPhlk,o,nHOamP
kApemFaINE,F,iOFENafGfNIjol,ciOhnJdFjG,LGdgokfDkHOkOL,IkgCfDdCmiehJdj,Fmnkh,A
L,OebMOdecddNP,aIIp,MKOiKpneFaE,ph,jCMoGHaJfcjjjb,pmlp,IdFCC
BLCNe,gHaHEmFeafC,mjhOnbbnBodCjbbc,hjKGIeLlb,MnpKJa,nokMKMP,KjMHBmjp,JdOg
EInccj,dHCCn,BIJ,NLICEMiOFpBfOoL,mkgAPnkMcbGP,dgEOnBfJKjaCc,oLDpAKmNPCc,jMI
LPhkKahi,PK,iiAJnGbgPgeGe,NMKCFPLpigfD,gjILAO,PaikhgbkMKChEl,FePccFLCo,ni
OAeFdDpkJODmEi,HNM,Lmcoai,BGl,hE,lGBK,mlN,gIIjeGDLcijck
gJGfidI,niHOHJ,JlkJdAJANdnEdnGK,llgEDiLgglL,k,EL,mAKPLM,HielFLebPgFiLFkO
o,fjbkApFj,fnkK,LcPi,NDnHbloh,eBnM,nI,jKIoHGdJC
Bnkj,KclHbhfEi,PLmbLJEFGIpOo,PhkfJNFmeM,HBbbaCNFDphcJKdn,NIFnPJNCLLC,GP,GaljOJaJHIhdi
pa,gBClKdC,oJLp,aIfKKaHIIFi,PeND,NOBmpDL,cbp,AKHffgMNHAIKj
FG,jBDDhIlDeLdMam,hhdEGKjImEJeo,iagceo,MfDICFfHNMP,hHNnHLakldLboB,MIMndHCcOpM,enAIbgELgo
GJLbNmdGGcgopDDP,JC,APpEB,Kn,nDoJEbPJaPIP,ObNBkPAKCj,jnChFiaGPoHLMen,mkbGL
LgmA,MjGBBKndiHK,BAFICJKNnaKhKdk,iJicdKJ,lPLJOGIdF,LoFd,GnMkGmONPPlBcja,PJDlGdmapnkaIc
EAHbEiJ,KNghBCdk,akcoAFikHCNAo,AOolmgDD,IeMlaMDhKMmL,lHGg,gKojHk,jojG
ofpoLNnDkoiAalk,DeaNmo,ANiL,inAfLLgiaM,Fb,ElLJm,gFMMMFoaOMCc,fhCNIcBpKM
nePlHffckMJN,nbGi,cnHLnMgcl,iMEJfblOML,dkMKmFNpIn,GFfmHaDcjmHMj,ElCGljbeL,d
iiiIJiJH,pIjjBM,LdMFnJIlHih,kLOJlgfEAabChdN,aOH,pkihfCCApgkJp,Me,gaHmnpaae
aeDaPCjjgbOebdhd,bJcMOjJigeljm,k,iBLaHnFJGnGeoEdA,bMmGKnflOeFf,fiaH,Lhbigc,NGHlnMjOPBeLP
NFoBC,NBkgGBN,BjecFLLf,HDeAJ,EfDBapakmoohKgll,EglE,ELcmkmmOhMNJeFI,HGiAMafLcGOpGjLA
JaCPAMMGOdCpHHne,Nk,OJmgABjf,CcLLC,plkpMoOLHch,gonPAhjiJJocAF,fieljjlbI,CIccmlNL
iga,bhMAbdacHHEgBHAC,fG,JLikNmlpBFMfIh,jDaKIm,hJNBJGMkGoOPK,FmJiDCBCEN,i
bI,hGOdiKddGfCplOAJ,bhJjfFn,CHDINmD,ICCHilDAl,lfe,LojOapMKDeB,CKJOiiObg
iIImPdPLPajJG,aGOkDOGCjM,PmKBNIaPJL,IdjoGmpmePmMJoI,JDmMcBCe,djNfGjeNDMcNcbCP,LIOEFapiHeMO,LaiDDEAg
bBHE,DcMNJKbkMJALPD,bKi,okbGA,ag,mhmLaK,ImEkCIcHGDkI,IdFEJCDBKcC
DCm,dKL,FfLiDadkKOAdGP,ipaIM,AEDFjdChKKL,DDojcDDgdFlLAL,BacpMPbkjcGfPP,nmmMheAf
PEBbcblj,piKeGaEnE,icHEkddIhd,ONFbJOh,DEOCHPicj,AHECGdLFG,iPiOANDCFLc,N
enIDDAhiEhdG,kPAJBBJmAFLA,gJCOdNHnCBdIoj,OmnAA,eelemLLb,oHjDFOoEL,jLEiLdGIeKbAMM,jfHgoOOdimHgbgf
ibGdFEmLL,GhkMjaBbcEE,AfEMfcDJAOELBO,nAcINFLPKaJEKkCc,hefFLAOBOoGdo,hfhap,dNdgiIBJmlcG,FkfjbIB
eJmECaKP,JgOnain,AJpFglKpOeL,kohgejkC,oKHcee,JKdEFCOH,DjPeFHkDAPFdma,FEn
nH,AcIIiihIM,MIiJD,FehlfibIGaNh,bGnnoNgPOCNi,DEiMonJAPEbLn,dK,opjdg
bdLk,bh,fgeFBkmflkJbn,hLh,BO,cp,IAoCGfkGlef,hFofDFbdfcpE
EOOndeImkjCn,olnGPPgNLA,NgNGbPFDihKk,HkocCNcNagOc,FjMmnkEg,EgIHGEdNLpolODcH,o,ncmoegKjecDkpcf
PHlEmcLCnpJegkdM,IOaGgBIn,bGpLkADkmIpBpeIk,HpMKKECEFBAng,NA,EPcHEeMEkj,kb,OMPIF
BMdJ,kfhMngPONH,GKjpLdOJM,k,BcCF,K,OIe,MNLhBdhnbll
epaG,gKMKFGooDkEIfgi,pPJHAENPDNe,AjfPFkBcdAn,JoBNplHPodbNcL,LHnbOFd,AgJMiO,BHDhHnKjj
mhHaPjjpM,FOCHafPl,LjIhKhFkBP,BGPPEjfHiLpeDGC,KglndP,NnhDKomdHFcPI,eobe,lcmCC
LCknjhDhLmmLPBI,OEk,LmH,BonKc,AeAePlfJaaH,kGIiaO,mOO,nbO
OIMNIIHbG,kHmDjCAN,iBipegJhbndPFFKa,Ehgph,CAJ,ciKDlMOI,gbDlICgGcMKafj,dmj
J,hfgpKHOIHbbJmMa,pJa,AjkfIJHHilc,IAibMFkg,IPJPFONEpONnklBo,CDB,lPCj
b,oHIpPoOGFjjAlh,KOjO,gfa,bB,OjjPGEMAdP,LbihLg,dMkMD
dH,CmDmiegAbJEmknLJ,FkILlgCNldOgK,ej,EkebgaJlgO,GAEAbMN,dBHgdPAcOCB,hLENpoDIcLabAJ
laNf,EnEeGcIpohCcoB,lDaaFpEB,oIfPkLjjPEnCD,gLeHDAIN,Ib,cMlcoKhejfhgnCj,DliMKHoPCcDm
LBIDkBOpf,pCphb,jDAjOlbKjI,DklBHO,NjhIa,NDKGDpIaOIfcE,mHhPPhEpDHhAmK,E
GMdNDoI,fgAanF,KpLOOfmbcLebgOjO,nDFg,AE,LEcI,KebH,IPpA
Ck,FFbmKf,hoANe,jJoLKKhNcin,jhGFJOIef,MaJKDgolfoGCGgNf,K,kL
kNKiLK,pEDlnJN,AmPLhdmGMd,KbEmhph,gLfgiJ,fdpLaNEoOkMhiHa,ckPcEFg,aGOljHFMD
eclj,OgpD,lKJiJCeLc,AC,PPNJOojFFDChCba,Ap,adJdm,nlCCnnc
GGIP,jdENpEJAANO,JdLD,npNbPBapmkf,p,oaEKjDIbcbkBk,gB,NLanLEmCCOMcnEh
LFLbO,B,mIoFb,ahjnPee,nO,nhahdeIbJE,fPKBKpaFfOlAHf,CpdiKMjN
MakaHlgeIglHdi,aBpaaOLFJEFgGejC,DlApKjpfCOkOK,gF,HnGDm,a,MbmeBOgIpJhEjpGB,DpdoEee
onfpjd,kcbOlg,LDgMkeKD,l,mABiMFk,mphnOlPeb,iFgkC,AO
aijgmjKJBEnlb,blPMmGF,jmiO,EMo,kEAlckmbOpAM,fcNJbOfgDcce,BKLBn,FIgLiIIMLDP
aDmOjNkBPPL,ofikJJaehkdF,fdHnfENALPbnOHo,poHmkAndlC,oAELO,PcfkAMoD,kBbFGaHp,bAcCNonpo
BHfKhbDmNoHDCef,bebNfepp,GlLkk,edfOBe,dLgnhlNNdia,Fl,keDHkgcdmKNjKl,H
jPfJHdhPepi,HpoCpiB,JnaJIEEfLdHDC,BGkkLAe,jHiPDFPmMgHONnC,hocFjmPMd,ba,PKECboLj
miOKgFfgppGiJ,dMNf,pFHlLC,KgokLhf,ioniAJOhg,olD,CmBNDIfgoEA,cLpgLNmFGMmiB
OOFNlaEglNpj,AkHDOJH,PL,fpJaAHPeJDha,bMMBMmFAMn,pcNGDjbMM,bbdNoiIhjFDdhiN,FifaAapL
C,dAmpLcBPMIJKGO,hJeObpEpejbAE,laPBm,jOdEJjbkgNlo,fBhpfONOiKCJk,ejpCbJGD,KhJBgDIJmB
JbgoiLeNHicI,pBFKIFfEbPba,NacflhmdCEnC,HlLbFfpp,BMo,hCMHLa,NnBnmcPeA,kLoPMfI
ICAfciIkLOF,jAHlAbgElp,ekCnmDEKGpFLHM,kHOkbI,geDpGkIAfOpBLHb,afcOPBaelEDPlGO,nIG,E
bDGodpadhN,oeNFpIBpf,mMKje,IfAcA,JLjdM,MICgDKdppFd,bmClhOn,LfhiIH
pmfkLncIIJnBL,AiBIel,JbhCMGbp,mjCIP,jdfO,jnObPd,AhnO,gHEJCHde
JknabPoKpganee,idHGFgDD,aHhOAi,oonFcLjJoL,jIBigcDlFpFP,iLdPFCboEhIFGhj,magipGJhOCd,n
cNMeNmklbobJcCGl,bPb,Pp,nennJAph,HhABgdkNkEa,hOlfgeIldOIMHce,EdfbAmc,Mlbdini
iaiEhhEHLgAB,kCblE,pGepcJlk,dhAjjaHJNcblJdfj,kbiKikLPdfEGfjC,NCcEFABDOlNj,O,cbeABCOfHaGC
COJ,KJL,f,pmDHcIfcN,HJnnjbIADNg,LEPjJpblLIOnFbD,G,hLDIeiGAgfGapIph
KfofG,DDLjMMamHjHaN,BG,MOGoBjJHbI,JfgDinDhmc,jC,NMdfMj,nBihog
hI,k,AaEgAbA,CGPGbHEighLgC,HINf,eAFcIJLGAIG,bEObfgFEj,AcjcDKCgeOPkNlL
jGaeCJ,abcbiId,bbEkMoGGMaK,pIJHAAcGC,PLghLGohech,O,LPnNoIgGmMm,mpJpjmgF
hhLGcnpdd,KfpafiAGGPJENG,GfklCMaDnnPEaCc,lbEahNLKcl,eoCPEALm,KcciGgOdNp,KALoHAomegG,ndLpEEnGK
o,CdfgcFdoNJ,NOkcopamcFgfHe,opGhngCBiEPG,johK,gOFEnkFeCmNlF,PMIDfbmpa,K
PkE,ob,mMeAMBPiE,nccDeIkBBBfna,GHpkDmAaJDbODJ,HEcBIKOnlepiFPN,kIJBMKnFNeaJFIAb,E
bCdJCMKFmJDIIK,E,fpNCpLCGeJlF,fPhL,anciaKBDp,kMFGpMdEcBC,JOolkdD,ieI
EjbLkKjIkjp,MlCHG,BinkIOOa,adamHcejjBba,cbMhPHd,oGPKMCdPAncGL,DAmFGGIad,oCDGbp
lOlmGEAnBJ,oAdMaCjlN,hgpGcfI,GjPjC,JKakoekMjjDKGgd,PdieMPng,GAibE,ceNcmaEI
LGPa,DOGoljoFoL,i,idDDJeDLoHAPmmi,JooF,DpHdeKebM,GpGJhgINPndFpmm,EFJncDa
ALHhpMlIHJLCA,EfihepLkfIpg,CcCbDnNn,HGmMP,GIFKDeeBJMPkIIMG,LIhjdnFcEnB,Ie,lNeGccCpNBGpOF
dkllOJ,knC,de,hAdeOjlId,KnhgmHLbAfh,kFEm,MlhEFeljMKdkdn,pJiBlJABkeIHIJH
MoaggnBjBE,PNePGJPF,H,DnmjNipLOgiFn,JKOJLBKLjKBhjO,NmffGdeICJddMC,P,bKIKMliIonaodbFG
KiMNBc,jDaFaKBeOE,CClKDBMMoEbFGNNB,HhiKokDikG,eJPpIFcJhBEC,JAofMbNbJon,bilIfbBMoDHfbFf,oKNjfI
pbHhL,gb,lgGbmHFE,ChmlkJOb,DAkHCLHhFb,jJGf,aCaDbaIK,Eb
pbibhkjPoCbJ,aKJmbOogpPcLod,ciMeBjlJCAch,Mpai,fcOJPillEDmcePm,LjJCdLoHiCP,AlaINEniIgO,ckjiK
FehahKEaC,eb,nHhbc,pohLhkIDfMK,gFpjmOpiG,bgpPf,kCneP,iMJgKJHKibEfgFo
aChPkggiOnjp,O,cNffnJPilFgLn,NoeiNN,cBBajChc,ODcdHiKHooaO,MBpbehaIdegaLE,FeNoLO
ffajcEKAC,KkNcJ,fIIEALdDmGgHbEl,iCdKgIopcfffin,enGdmld,CbMO,liihdkJfgniAGgAM,BkcOPPjDBjCLo
PGDaejCfn,pEAJPCODodpE,McMLCKoophK,fJGNgGD,DG,LJAEGPekAfMggLIe,APkLlePOIAnjjAol,miJPk
mAbi,hjgEbIgpChl,EOEhGbbJM,hcfhhaPHMFMIM,nFLEONAaEajdI,pgImahhagln,o,kC
gffhkpifPCMicfFP,H,hKKKP,Fhkd,lKfaLNCL,jgI,fM,nnPbHOlLfOdCKCB
AebbkbKPbmNcCkE,PlA,bcMm,GJpLliiLaFJNiP,oPKALEdhNFG,gnpH,EeGKDp,PLhCkCPDMaPkcee
iGPhAJJFMPOG,njGmAEeLpbmMPdN,cJgLljla,KIeLDNHCoJGDe,gplD,OMjcMBnImbpjpN,nPpEPCAeedeomP,CbfjgpCFFhjCaCi
FDFpKi,aLNDHhGmfMOgHPf,OnPFAmBCFBcih,PICjLcCF,L,lOlpEEmBFgAgjIa,FP,HL
pDAAkOklLoDDPOce,NoogPigkPbHFIa,AhG,BNeNikHlO,PpmLbP,mbBbg,LiImd,BEfi
FBoEnMLOCiAam,edhckaNBjAFIKpNp,OAKindBBBBnCFGdG,oMHHgalhfKnlf,KoIhHMNoJLGMigK,dEPeeF,ahmChNbc,oFcpFhhondbpCN
ODDkn,dhpeAcMoJfiK,IbpDKibmdCI,MKOjnjmpCIgI,CPNpcELmgJjfe,JKldmMNHFp,NFnIng,KNnkm
dmadAGenbdjG,GnMMcoddm,dlEBoALHClfKoi,ijMCpPJlddlchK,CPObJKmFD,kKFIBFnpcBJl,nHjJPllo,HpCogNoIeODJMAD
PnNoBBBoMLAmOh,ebnliAC,GihKjOKnNODm,DlbOc,eiajGBbLPjlbJKe,fmjfHAjnh,K,KGCDkHb
MeHldpkJHD,bmjBHDPMKE,ALj,EN,iGEpJpGGjGdd,aPImGEmm,n,boaDioPfGooNEgjF
BMNOFBIiiD,foHaHHKPo,poDLnpOieBdKMinB,L,PafDKgFCNl,eDaedjhkDfjcDfl,jBLEamoHNO,MgkofDPckAO
c,fBNkC,nPDaOiclijaDF,dPHFDNjAoJOcKMdK,Lj,n,pCBIg,pbdOaFBMLLbMHndl
eBbkJAM,PHpag,cfbI,glFidK,C,BgMihDbbIJom,MmNO,AhM
aMgpbDEnDI,gjogLFEBmaldo,lpELbd,DPnNIEenBHIaPD,eodPNL,fK,gMADEiMFFLac,NADJ
iEhoDeEFgOBGFE,iNoeHkLAIl,EEGKeIKBCOcnk,akADdkaHLkflGlm,KDmJF,dLiBELflPGman,NloCGbehoHaLd,lgFenIpkaoJcgIhm
B,lApmkgNpDkLi,hMNAFLKdA,HnJoIa,BKJIDi,lMboECh,GjGBaOBpjBHGNJOG,hhn
eCDDiBemiCok,dcDahImc,cmoFLpkf,aMjkLEcGfiCOiolm,PKgbLkNneG,iPLjmHAChfe,ghEKmbOLaMPBIfHE,JP
NGECfdpMhhC,FMHHkDjcgNnLkmB,BjaPFDKeMjooI,iEFdBnaekgmfhGH,mJADlOOpEmNFEkCd,FEeoOchobKKl,DjeBiibPK,PoCjcGFPnBNLMB
GdFHpPJoBl,NKldK,mNneEdgEfKgjABM,iiFCGfmlIlBh,LDlocIh,FIpgl,odLaAcNlblcFdaGG,hHbDGlNBbFlHoC
mKB,nKnmCOG,EFCgpmiBpE,M,En,npGhaJkgLGO,EGKoELiMe,jEBmLGD
gKmFIFbNOahaAEo,JlJLPJklooBboBLB,aaOcmMiMkDBnApE,ICmIDBIN,Ee,N,of,imogjjOHfFLgMnb
eGBbdFlFjef,DOiMEFmNhMKncedD,PBBiBK,kLLflLPjGO,IcIilCAGid,b,Jdp,nCAoIHd
GdeNHkOBaFnF,HcH,mPldbAdhK,EPcBakaIC,EKdmEOdLn,BCcbEiiDgJJg,fhcPGAjJ,CMef
pad,GFBBh,IHInPiNNF,cMO,cmEaLjKDn,f,oldjh,bGAIKIACAdl
DjemCeBIch,mMMM,CABgAfCCLGiEFKFM,KdMhLGNB,Ada,mDgKKkkOPCpheMlL,pGaeePFe,IEgHjCoIhBAO
nApINOcfCnoHJnfo,NneggMlH,pFaDoJoAkG,if,jaDmlibFlH,GhbbAeKJILLBH,JEBdMCD,IJkgojEdMEHN
b,cdKiE,NHNhGAM,pDbGNnomdnigHdp,BiJKoch,pOLmEMPnclmgJC,Bpm,obIFNFDGNfj
LccahOKDcBgia,ELmdOEddF,nI,loMimHgJaDjKm,InjleLJafA,ogliNFHOijp,igeJMInOnLCl,bKcAl
cpnamELN,AkLdMmIk,hJJhGo,CEicNI,cOAhBJdNncchoPcK,DoidfFp,DPCAANLMiGJ,pCnCcoBEhdLiBm
CP,FPpgHBjGABi,JiLIPOJaonMaaFa,aJHeKAJJaEpMm,hLINBHaHe,MchGpkjfcoCb,bEnGHLOolkLLHn,LjbeIOkhaEAllCG
JLnoIbBjFoblhnMc,obbjh,mdinK,NibFaKEF,iliAcmiD,PIHcF,JigCKogii,O
MCBgHNObfJ,ijKGODkjDOKf,eImgPag,FPcdCfdaMAhnEOA,LhbMGmoDbMKDHbCE,C,fpEhdBn,EIeN
bImdjDFJk,DgoLCfDLkFDoh,KCEhgAh,IgleKCkcmmioj,nFJILiJjgc,jK,CbmFNJIBIkPKnAm,AkABaOoGA
iNHaAibnloCObm,MckMEdiBhnDKCDeO,EGEEnhCjhn,Pao,kDcBbbKHIi,JfGc,glFL,OLkcaki
imJefcOiCFjenabF,PLKjncm,Kh,BDehCfHOlj,HmLhjmoOhH,AlFPojc,nHnAjjoejIOfbkB,PNDbOCIAjl
oBBnljDKCBko,Amcgc,NlPNbKHa,gM,fKC,lmgplIdMBmGhfAFM,Ad,O
ibpHjLHkFDdG,KgO,jdEHlJ,MPafD,pFjn,fI,hIADEHIBc,pGlhpbK
aobcnpj,iadDpHJ,InKNNkPcJni,aGmobak,CBHb,LDcn,aap,lOafkgfOIK
DCPCjaN,jcmLPlLOAc,dkhGeggmbcaAP,bldBL,gdaPadNpf,nJBbJpKON,EBN,PdmENJ
gHompHAGiIACB,h,dN,Ld,MilDICFie,IlDnAlAn,a,hpmIJKH
EogJIKbafIICPkg,cjNgg,hdPa,I,GDJFiDbhfIobG,O,bpgGOm,HOiljAo
gJMKJkhEnp,PMG,pOiaCohhINhaBC,jjo,cfLP,PKMaBaMIPfJHp,EeIhmmplHCCkjG,LEm
NP,mlOadKKcmcFN,NfJKifOcefnb,gihiCeiAMMFGm,ppHMkiBgaGnaAe,NDjdCD,HphfmnIBCK,iEnMHcDnppbHLo
MmcAPCaoBLeFoL,oEpPm,klAgnCJj,IInepjCnhEhimc,jjDOODklAkiI,baGIDKfcfFiDGg,CNLBAnj,khoEbKNe
kpOghcLIJAeKB,EGFli,Bbl,jCeIHANiLKbnfhl,apgDEmiJGh,HHEOLAA,HDgFJbidddiN,LBgdgKPiapBdKH
FJEhpPMh,fKDCilAaIBp,fCPdJiE,BlBbGl,ANENDHJAiglJD,Ge,nikfNJ,GaCOkcC
HoKLkKIAEleKB,oDINGad,dejOlnkB,KLimN,OpckgbPCbkNLnG,nelNIbDkFaJ,GnPCekKpcN,PfdlFlNIOALN
HNmJAcg,OOiPJiOlHH,MkcDgPHOaKGIHkk,LeECjGCLHaKAlCAg,KLFdiICgjDC,AkKoKdPNIIn,hJJaDpmbP,POMhHMD
FgKoMHIhjL,EfLLGMojOH,aPKKmnjnGlpdL,aBIMcnpPLkBDF,N,kdHmHIKFDM,LPiiink,NnHFmjNmIjaoMAN
IgEaKfl,gPlKLf,HOclKFnnEHg,IBHGne,PLecfjGONCG,AnD,KEOmeEPeBcljF,ejLMhPlcFeomBjdh
MkNPKAKLn,olheLLJDfbMo,jdOkoFkbfpBB,AFJE,aalpCMkfmNEGlpBo,bkiolgibdijH,hfAfihNFJEKCbOg,pHf
Oc,cln,PaEhKEJK,neO,Eifffli,CEKbNaDmA,hfKpHjafbj,jPDKLMjonGOL
eaiDJCiKPaob,goIgCMJFIIEKjeLH,hFloAGBKKOiLk,NnOanhg,foAHDpcpejg,mc,BLGdelnOnjK,JaH
HHhGfLHGeOcff,PC,lIa,BgKn,hIePHDcODmidP,mdNMDlcFADa,CHnNpilK,eAJieJL
ClHDKhiaJiLMghC,oBFgDOpaimfL,kjAhgCkLppe,MdJ,oGDo,LCoOpIfpelHhnhg,HDckKpKJ,ALDjNPClb
IEGC,PdDPfJPFDmOFIBf,ibMCNHoChlhOM,hlpPkJj,lAojgeC,aO,AJFIfPEcMIpLIBH,EPCmMMiEF
Kjo,dAlNdCAeNJh,AEHMKH,eFaBClCeEnMGChFe,PJeNFHjGeAcghaD,mchCILNbOHd,mEigAhgC,lgEKppBPNFdI
e,aOp,L,BJKBdcBKKCNJ,bejdgfgbLmNBOGLl,pd,glFacNhLoaHA,nLnH
LFCkHKOpgeEGeNhP,efDe,cnBJM,copjcb,fK,IFFpHFFJLcBO,BeCNEgFihlod,LhLeHHOeGJB
HOLgC,pFjEgonC,hGNaCpEMjkGn,dHNlLF,bMBNiGoBLHCO,KGAH,gAGaEOCPeDcpJIE,bGdMOiMpmJHDj
le,nJEIBfob,neIaDNadIobeGFMF,cNGOPfjHl,hbjLiOfKcicJMJ,GiMNM,gFEG,GecLBGBcBIGGA
fdLAGjOlB,dakOKIedFjNMFcMP,OgpBdNHaF,bNpNKNeONHEkGa,kBMLnFp,bmJmKnNPdPjH,ALichCopdFEF,ihh
aiKcAcDBF,P,K,JN,mDoBa,Phbf,pMBIpIdcOaf,cgAdFBmKfA
oIBaENLhhFCEL,inDLOJml,CILKnalkGdbPlmB,kHiH,A,Nhfl,GnKcFhjEihPf,MHGbNdJJ
HgALBOFBba,AMpkBCLOlJgG,dPi,OcPaibIfD,hdCmnMpLEcOfhG,KG,LH,mhmODnpkEePjb
hlgaJ,kccDbKhDHhdnpo,PnoM,iPnAOOiEDO,lpDeNDOGHlE,loLKoB,nKALGKbJeBpB,JjJOnggaOeE
KOngOjOijGFdmd,EKK,g,DCbGaaGKHJDA,MhIBKaccgiA,OjNOjjiNe,of,knpcCgjeDO
FJNEJF,HBBopbgbNk,KMeFiLNMhljEDAdi,jcpgJjAIHMkcbfjf,MkN,jABiJbeAgFp,naOLbplGogpCKL,phk
MNmoNcAnBOA,NoIipj,JAlnOAPnooIM,NJGDBBiiCEE,afEEhlehdfpjFOf,AkLjJCBPPaEjjl,ff,Mpol
NHHoihjhK,L,KANk,amfGHdbn,Pc,nhBIGDk,CoBJehLc,bG
MJNeJPhNAJO,hJMINBff,fGKbDI,NLpndEeeoFk,OIoIepIIPeH,INfJaMKGgiMOo,N,EHAOioB
BApmdCfh,EcF,HndLBOeOJL,llOfgALhHpIgoC,lKpkGHGMKNgGM,HmmJBbdcJPIFmgPm,IeIdEeMIBiPjPO,ODBBjACEDIB
iciOIApAp,DbpmDNJJbjkhbko,okH,HfFpgiEJa,OjiBHMLdll,FHCbnANPPffj,a,GD
o,ilmnC,HNFkIFicoGF,cGHiJLn,oHaHHKI,bicHb,iAE,HlfcDoAP
LeFfGigDb,kefgaAKBoK,fljipJceki,oGkBkacknFhKbk,JGLIKngElGCI,fJjNjBPhiamL,eEcalGKD,lfjhagioJmHd
iLlOj,dlFEgbG,MNeFKoHNAPjAfF,MlD,lNmeoDegcdaNCfd,ijkhjp,gniO,kGDnaPcigF
jckJLcea,IabbFBHOEAd,CkC,LdJCIhDDPGfC,fege,efelClHkFI,cdLOLLDaCKgJ,PFpJn
aHihp,cLAg,aGAABjOnCmCKgkp,CkNCpAlpcg,iaJe,iaDDHDaMA,Pk,GaDLLooAmodP
djboGL,kbIIMgaGaPN,HHkdMCiebJocn,kAM,bdmNOEhc,NONPNj,LPObGIIkNIKoI,lKEBFdcn
pAbjALfkGHOcH,McEcn,DfIEp,ihEdn,mNhjBnNAnFeDpg,oChal,COap,CjCcbGCKc
GahFjiiLiAkBfKb,BH,bjIFegl,MGebKllfPci,JKlpHeMcOpmm,MgcPAlKFplp,KhikePeGGP,NkadJf
BjlHf,iiajbDemkP,KJhJh,kKhfIcmDaLDjeo,JDNCMmPb,jaENc,FhhNOmDDcoImh,mkcomIFBBG
NhmGlJp,NhLLMfKaCiHLFE,BgeHN,FDEJnphbLEiKn,LlipNCKffaEbEi,jCHGFdbfAi,HL,gKLMg
nejeBfDFmahJ,ddefdbK,hHkhHlJme,NKmCJgNnhMpPBmEm,f,GoMGfjmp,KpcGnjl,jOjjbMigmjB
CplkPGBBeb,KCgMBkmJdGHpa,KDmKGJgoHD,EG,a,mACd,gcIMmaENekkeN,DDH
PGIchEkloIdHMA,Ic,ejPdd,kDLdAcmeiKn,FkBonKkCI,aObGcepe,HNOenNjCl,IPfaijCNonDHHdCb
INljpcaCMpKMi,OpnFCDai,MNbop,cfaoOBgLiAIGNjHc,fh,djeJEAkDJdiIJCLo,I,oEl
jpcHHmMno,cEoICcOl,fp,i,MLODeCm,JJpOjNcObOLhHbMh,fegogCDEOmKlMPM,oJJmfCiffALKed
gDjOMcfbPMjcnGj,AIEmppGDHF,jlHJdePMlnMLK,CEDHk,MABgJhioB,gdGhA,FmLJAdbepgaMbmA,mcMcoEGe
BGJhn,NcABiEP,dnmHhhJP,OipODHJeLkMah,oDCbpcEmjHE,im,bhhMNDmI,nalnJFCOFd
cOlCEAceGAIePi,GnagBPJmCEnOjc,a,HAmbOnNjfdiA,PgBPapb,KLHHJgNbAklN,ngNIlMh,NoFAHO
ioMPfh,mpLgck,HFoMC,DjGBgc,oIGhJcjPOeCph,phNpJkNPLdbo,KBCH,g
gCBcnkGcB,inCmDH,hcMLGNAhGhLdP,KKBKGh,alPFhbjkImcfM,E,mBHCpiEKhmGc,pPPhpCP
lNHcCmoNijOBD,ADNe,HkGoAPpODmI,OjJE,d,fnpoHchemDHb,DaFNKgIpiI,KbdFdjkBMnImD
BNIOjHBJHemFk,dOIocaDAanPM,L,FBdNKboKmNNNHhdg,D,KAlnkgEeIGEe,pfalFMhCkgKcjOnf,NGCmOfjfp
embMJN,JgO,DfEK,NN,CmjkIkdb,mHNdANAMApPHPe,ANgKh,bnbdKE
ObglBphHi,OKdcKD,hdgCE,iJHfpDd,cBJakdAfHPAnkk,G,lBoHFOg,ekN
OeoLam,fhebddOpdeGLDF,nMdGLnN,maGGfjOiic,HNCAFAcGAmKBn,NbPKKmeaf,GkMGhpLbEkeHIlc,BG
jFhPhnmi,JMImgkBopGgpEF,hE,ipL,GdJL,ijNIfd,PL,FmcBCAbFE
jMOAOgf,bEllhJKmccEf,eDOnJaNOb,FMdBFMjKmpN,KgAJanKOK,BC,lf,nbEmJDFcPNBJjl
eeABm,gDfFkbJGAEDkJP,dKiEjhDoebIK,AKIPG,FFJFJ,liJ,gAJKGbJHh,loJB
Bi,IlGN,pfpBEfLPm,mLpgMhJdElCGf,ghlLmDHFGmfcd,ENMgHNOHEIHpGBoB,bDKgC,kkDeeDeijoPE
B,HeOMog,olMAbmL,NlJOOPPbMo,PPiFdCfkgaDofaJN,Ep,AOGeOpOhOgDFKh,bAF
oGKcDippkpFiCmki,NLOnkg,iBnmpgoJ,gnJKGgEJBMA,F,adhloG,mhcn,eEFbHeBenehljmE
CEkfFk,BIjDiG,jIOpjgHClea,PBOneCmBCHiepE,H,eABoNhbjA,fcDepfFjoLjmLd,GeAjigcgdCaHF
FoodKDoNI,fpgiKpNFgeAoKl,OLiCNCaocEOEC,AA,hbfehka,oOmCEBcOkh,DOj,BpoD
FnOBJLkjOliiM,gBglGeFhMfGjOhko,kNLdlbcPcnFmBLlG,k,hgElAihHIeea,pMnAFanp,gblfCiMmH,gL
AIecJEjLmHdFnfd,hDf,fngBcgkiAeeao,MEEdjMpKkFHDh,ghkJdHlInPG,JbMENPDh,CgE,khmCHbNbDdOD
AMlfKnOKhNNDb,OADmmaLdahgoi,bPcOoFeEIGiFIENN,HImoOnBbM,fhcoaMoBKa,gaPNC,pjDkjlcF,hiJGHMPcFPKBhnBL
EHpJheD,MajPD,mbDjPhLBEJI,NpmODOneEjokMOD,kPJFOlcLiJOp,BpfMLMEJJE,FhMNDAbGmgINpc,FngIjmgBEL
fcmOdMK,cENOkOolocAkBmF,ehIhdeJhGlep,HkK,eg,FbObOHJ,ABDFChc,afldiFMDA
PjAKIFBC,DImof,GCbhMpjFleaed,AgJiiC,pBcJcidb,h,fiBJm,bgidjOkCMi
OMmD,BFldopJfpEhGe,NhHJL,gIDACdPFLolnJd,aOodH,cOKDogcN,cEHbeDI,HhhOGBm
fbBNJEpKGfIHKb,DNh,NFkLh,HgeMnLlhf,p,DFLApFfm,EMiaH,FOmKJKBKkidfcN
pALeGNfKpBmE,JIObIBKHhopIlFcJ,oMiA,cpDJil,BcNAdcHDMbLN,AaFoCkeLhOg,npLMgAlJnncahggk,lCIiapcEaAm
DbmbBnbmIjBMCiJL,eCoci,f,J,jnE,lOlJBCFeEoM,ahhgMho,aJllPciEGDJcoi
GbIIApCBLiFbGM,cfmoMgnCpiMA,lkOPLNJMPd,eJNDma,kapd,dPc,MhGdbnFpg,CJpJEpGKHI
KJol,dcjkNL,GBEjmC,eBnHHdeOo,DbbpfLbBcjnpKj,CnkeklmnG,ofna,oPKnLGmHPhMKjio
kinB,cBoophCpBNkf,FcdFggfHJLADE,DIPcHdHEGckpA,IBPfGpOEJ,fHOCpGCKmHCmMiC,haCFbgbEjlH,ipKCj
cooeAFlbaed,nmejMko,ADiiPdd,MGlKcEcn,dfnaoHbgak,HJJl,CeJamgmfbF,Li
NIfmHdeDHleNB,baaM,MKCmciOkCbkHfGeF,nIJ,FaefaeLjPagomem,FnFbOdmGMDMjblgA,MphAFAiNooOBBa,PAdedlJJHMlciKbE
lFmIDeldehd,BHPGD,EGcpoLh,DAgIabkNkpnjB,fkoPlNeNEohH,Fm,EemkfDieLl,o
dCDJbea,icBcAKpdK,Cbdk,bPMACp,pAMN,DpHCjBKfi,aLpNjcOp,LiEFIlOPLpfbpOc
PiGDMBGFGnFFiOeA,AGLJ,kcGhJDGbPm,IPECcO,PAjk,HOJmPFheDppJfDm,JLpBLggOKIpE,KkO
oJKppGCcJKFEhAK,fjaAcaln,NNBLKKPbBFkomb,KNk,mOKmncgChLCecm,Nge,ECnpglccPAAgbMl,lAaBmnnDhhpi
Mcmpm,DFamn,aPPgn,lMc,necllGpJOgGjDd,lfdMgmmKklLcFna,aoF,PDgAoCplopcBJFk
LijHDmFm,MljbnJHeFKoKgGge,EH,lDn,ECHlLOaPpOEaMjJ,aPHhcpbjpKAHD,NoljJlP,PkljcOF
EAehjHicAdaOD,aCnNhEjCkE,cMOadDJhbnB,ifAKOfa,PPj,MNPpAHCOkpebOg,cDg,LoLhK
oANbC,PiPBoelFFeJieAGF,AmFdEioDBlEhNdef,JlhdnaKP,OjlKkgP,BPgj,mkgpNCFPH,KnIbA
HgOMfJAGBlmA,ofEE,HAaCDGbJD,OoIGIbhjOccB,bdgfleNAIpoFFcAl,M,ceacJPnK,an
MG,fCoh,gJPIoJlFO,nFGdgpAfJA,HJFMpemjlfGB,dhG,pJPLoC,lmoPho
cMHmJfHALChIkJ,cfneNJP,cfaajGChOkGD,ia,jAbhPhh,OLmHML,CdDBIcfOBFlD,CilGiDnNomhGn
cD,Glcnn,JoeBcKiBpddeE,hFNEPeAJdG,KmDBLNENigJHhMJ,GaiMIgbiANcolh,DHMJoNJiiMa,epHJBFJoj
Pp,aaOFJmOo,nlbIiHGFomj,dhPBhNPFOhHhPe,mdDPLINFKO,bFELJFFLDbaLPK,DPeBJK,nKgjbmJ
NBiB,ekJmJACMH,dGaJALfNii,LeodfDAbOf,NmlBjfIdgfjckfFb,nOId,oNpocgKlpdKPodNe,i
OFBNEBbKc,eloFPkkndEHj,FhGKk,hODCKHIgpdHbfPo,nJGNgmJmhnGEBF,ppNHeDHgfnI,pPBmcHhOip,lGMCJPaHOlIgKiPP
eDCaiKbjdB,OBjkgmBfddninkgl,ADGNFenIeIIPdi,NECABicDCinl,cdG,HbNoFHLamPacjF,jJIlHeFpENp,GFJEkCMnna
cIM,DPJEHG,doiiAeGoABIPdck,GKFhdC,JKcpikO,ePfGKgJNmbge,i,hpdKjBinpNkFpF
Bel,NacnHcacHPIfbGK,bG,CcHjPbgHGoEg,lKp,lLl,gBmmDCFhPCnC,OO
lIEOaIG,JefoNc,cicacJijhaHOJng,JmHjELn,elBploMKbDccFN,docBML,NjHEi,mFpdMN
ODe,BIjnlGFf,BjefOdlcalFBEpCF,kLODdBCmOpDfM,eg,hDC,dgHFFkjih,JkfFophecgf
gapneBcmndKa,GM,mHnacB,OjfhAaOeClOpMi,OKaiDLA,kF,bPkllhD,bCMeCIKKIGegNJi
Fl,bdehEmFHPJoFO,efncPIdJpanPChc,jNmDb,HmmfJeGa,mbbE,AjhBBaJL,AAcOcbpOmmCjF
OPMje,NlpdhJio,ljhcCDl,hLEfmLP,diLP,KGpcGeNAeKimEK,ndLNLBfjNF,GKEbcJFPcKpcB
oBjKoEAi,GK,jdbiencPlKEeGL,fFCEbC,ofKCdhNIihGFOh,a,pLj,pAiBbafnfGf
Gnob,JKJmelmGobaaKOA,hoH,BbmjIPILO,MpiNiBOhfO,abHBdoGaL,hblpcDEiccD,IedgcA
CojnGIMPLkCJKjco,L,NpdaD,LLKNkKbHNpmBmbji,PfNnKDclEcJJc,CCAhIJicEGmGKi,igKnPHagHnjbddob,klcPjEjAKANPkDd
FAMPbOBgMcnadDM,jekhPpaFAJckHDE,jcpNEciK,AKoKgGN,hDoLidhnNNpKpI,jFkPBcNJpfDGn,PLMnhne,JHEBnHdoh
PAJj,FBCgHaCMjGka,BeMhaDi,EOIGAKFLBKBKcCcn,LDL,iKIidfepF,GKjbjAmOPddmd,EKDfGDlmjGnf
bpJmpFpj,BlLMHBjPimfAAP,CIOgg,ebgcLapdPiEJN,cgobDBNPKhElN,JjcGG,bnNeJDBKGLfaCb,EKbHhlpfbJ
mKjjDHgkj,NHllCbDnjMiLbcK,KPIJo,aeDDJnNppKgcj,kMJPoGOPiM,LbIB,minkaOHBj,dgMAFcgJbFnkGbf
aKKNmpbae,oNkcCahIgI,PnLeCJfhP,fcEMdDfKolfPDH,F,ApLmGlnpnpajEpC,bK,fFGNAaIpElhMLhf
MLegDKPi,BCiheiHbejb,kLlFdokEIPdDI,gKHCJ,LjlHDMBnOHOkIDn,jbodOA,Lfob,acLHEb